公司全名,公司简称,公司规模,融资阶段,区域,职位名称,工作经验,学历要求,工资,职位福利,work_year,salary,月工资
北京小龙虾科技有限公司,聚宽 JoinQuant,50-150人,B轮,朝阳区,python研发工程师,2.0,本科,20k-25k,"扁平化管理,免费中午餐,下午茶零食,六险一金","['1', '3']","['20', '25']",21.25
北京原子钟信息科技有限公司,原子钟,15-50人,A轮,朝阳区,Python开发工程师,4.0,本科,15k-25k,"14薪,带薪年假,节日福利,机会多","['3', '5']","['15', '25']",17.5
北京好巧国际旅行社有限公司,好巧,150-500人,B轮,朝阳区,Python研发工程师,4.0,大专,18k-30k,"弹性工作,百万医疗,10天年假,高速增长","['3', '5']","['18', '30']",21.0
北京汇游科技有限公司,汇游科技,15-50人,不需要融资,朝阳区,初级Python开发工程师,4.0,本科,10k-15k,"五险一金,全勤奖,餐补,年终奖金","['3', '5']","['10', '15']",11.25
上海基分文化传播有限公司,趣头条,500-2000人,上市公司,海淀区,Python开发,4.0,本科,20k-40k,"六险一金,年假,上市公司,大平台","['3', '5']","['20', '40']",25.0
上海海知智能科技有限公司,海知智能,50-150人,A轮,海淀区,Python开发工程师,4.0,本科,20k-40k,"创新前沿,技术大牛,成长空间大,工作弹性","['3', '5']","['20', '40']",25.0
北京智分科技有限公司,NewsJet,50-150人,不需要融资,海淀区,高级Python开发工程师,4.0,本科,25k-45k,"Geek范,清华系,福利待遇好,股票期权","['3', '5']","['25', '45']",30.0
炫一下（北京）科技有限公司,一下科技,500-2000人,D轮及以上,朝阳区,Python研发工程师,4.0,本科,35k-55k,"硕士最好,不加班,18薪,有期权","['3', '5']","['35', '55']",40.0
北京点石经纬科技有限公司,新东方教育行业研究院,150-500人,B轮,海淀区,Python工程师,4.0,大专,15k-30k,"机会多多,K12,平台好","['3', '5']","['15', '30']",18.75
北京汉迪移动互联网科技股份有限公司,iHandy,150-500人,不需要融资,海淀区,高级Python工程师,4.0,本科,25k-50k,"硅谷氛围,高手如云,零食水果,六险一金","['3', '5']","['25', '50']",31.25
北京字节跳动科技有限公司,字节跳动,2000人以上,C轮,海淀区,Python 研发工程师,4.0,本科,25k-45k,六险一金，高薪期权，弹性工作，免费三餐，租房补贴，带薪休假，扁平管理，职业大牛，晋升空间,"['3', '5']","['25', '45']",30.0
车好多旧机动车经纪(北京)有限公司,瓜子二手车直卖网,2000人以上,C轮,海淀区,Python,4.0,本科,25k-30k,"核心项目,中间件团队,底层方向,等你来挑战","['3', '5']","['25', '30']",26.25
北京贝斯平云科技有限公司,Bespin,150-500人,B轮,朝阳区,Python开发工程师—CI/CD方向,4.0,本科,15k-30k,"发展空间大,五险一金,带薪年假,创业公司","['3', '5']","['15', '30']",18.75
北京完美创意科技有限公司,更美APP,150-500人,D轮及以上,朝阳区,Python高级研发工程师,4.0,本科,25k-45k,"弹性时间,技术大牛,年度旅游,福利齐全","['3', '5']","['25', '45']",30.0
北京第三石科技发展有限公司,第三石科技,50-150人,B轮,朝阳区,高级Python开发工程师,7.5,本科,25k-40k,"前沿技术,弹性工作,丰富下午茶","['5', '10']","['25', '40']",28.75
北京汇游科技有限公司,汇游科技,15-50人,不需要融资,朝阳区,中高级Python开发工程师,4.0,本科,20k-30k,"五险一金,全勤奖,餐补,年终奖金","['3', '5']","['20', '30']",22.5
北京点石经纬科技有限公司,新东方教育行业研究院,150-500人,B轮,海淀区,高级python工程师,7.5,大专,20k-30k,"机会多多,平台好,领导好","['5', '10']","['20', '30']",22.5
北京好巧国际旅行社有限公司,好巧,150-500人,B轮,朝阳区,Linux C++/Python中高级研发工程师,7.5,本科,25k-35k,"弹性工作,六险一金,百万医疗,B+轮融资","['5', '10']","['25', '35']",27.5
贝壳找房（北京）科技有限公司,贝壳,2000人以上,C轮,海淀区,Python开发工程师,2.0,本科,25k-50k,"15薪,13天年假,免费三餐,逢假必过","['1', '3']","['25', '50']",31.25
厦门美柚信息科技有限公司,美柚,500-2000人,D轮及以上,朝阳区,资深python开发工程师,7.5,本科,20k-40k,"福利好,发展快","['5', '10']","['20', '40']",25.0
北京旷视科技有限公司,Face++,500-2000人,C轮,海淀区,Python工程师,2.0,本科,20k-40k,"技术驱动,极客氛围,大牛团队","['1', '3']","['20', '40']",25.0
北京贝斯平云科技有限公司,Bespin,150-500人,B轮,朝阳区,Python开发工程师—监控方向,4.0,本科,15k-30k,"五险一金,创业公司,补充医疗,带薪年假","['3', '5']","['15', '30']",18.75
北京币世界网络科技有限公司,币世界,150-500人,A轮,朝阳区,python工程师,4.0,本科,17k-34k,"地铁周边,零食水果,福利优厚,五险一金","['3', '5']","['17', '34']",21.25
北京博派通达科技有限公司,博派通达,50-150人,A轮,朝阳区,Python开发工程师,4.0,大专,15k-30k,"不限量零食,福利多多,年终奖,办公环境好","['3', '5']","['15', '30']",18.75
北京汉迪移动互联网科技股份有限公司,iHandy,150-500人,不需要融资,海淀区,Python开发工程师,2.0,本科,15k-30k,"六险一金,水果零食多,按摩椅,大牛云集","['1', '3']","['15', '30']",18.75
同方知网（北京）技术有限公司,知网,2000人以上,上市公司,海淀区,python高级工程师/架构师,4.0,本科,10k-20k,"优秀的产品,牛逼的团队,行业领导者,互联网应用","['3', '5']","['10', '20']",12.5
车好多旧机动车经纪(北京)有限公司,瓜子二手车直卖网,2000人以上,C轮,海淀区,Python开发工程师,4.0,本科,20k-40k,最高19薪 独角兽公司 学习型团队,"['3', '5']","['20', '40']",25.0
北京启明合心科技有限公司,合心科技,50-150人,A轮,海淀区,Python开发工程师,2.0,本科,20k-35k,"大数据处理,自由度大,有挑战,公司午晚餐","['1', '3']","['20', '35']",23.75
北京车之家信息技术有限公司,汽车之家,2000人以上,上市公司,海淀区,python工程师,4.0,本科,15k-25k,"平台好,发展空间大","['3', '5']","['15', '25']",17.5
北京贝斯平云科技有限公司,Bespin,150-500人,B轮,朝阳区,高级Python开发工程师—CI/CD方向,4.0,本科,20k-40k,"五险一金,创业公司,发展空间大,补充医疗","['3', '5']","['20', '40']",25.0
北京智者天下科技有限公司,知乎,500-2000人,D轮及以上,海淀区,资深Python开发,7.5,本科,30k-45k,"三餐,健身房,mac","['5', '10']","['30', '45']",33.75
上海一起作业信息科技有限公司,一起科技,500-2000人,D轮及以上,朝阳区,python高级开发工程师（技术）,4.0,本科,25k-50k,"独角兽,待遇好","['3', '5']","['25', '50']",31.25
北京格上添富科技发展有限公司,格上添富,150-500人,不需要融资,朝阳区,高级Python研发工程师,7.5,本科,20k-35k,"水果零食,扁平化管理,弹性工作","['5', '10']","['20', '35']",23.75
北京优虎商务服务有限公司,老虎证券,150-500人,C轮,朝阳区,python开发工程师,2.0,本科,20k-40k,"6险一金,期权股票,团队氛围好,地铁周边","['1', '3']","['20', '40']",25.0
掌阅科技股份有限公司,掌阅,500-2000人,上市公司,朝阳区,Python研发工程师（中高级）,4.0,本科,15k-25k,"管理扁平化,发展机会佳,薪资待遇好","['3', '5']","['15', '25']",17.5
路书（北京）科技有限公司,路书,50-150人,A轮,朝阳区,高级python研发工程师,7.5,本科,25k-40k,"优秀团队,高颜值产品,年度旅游,扁平化管理","['5', '10']","['25', '40']",28.75
北京国双科技有限公司,Gridsum 国双,500-2000人,上市公司,海淀区,高级python开发工程师,4.0,本科,20k-30k,"上市公司,技术领先,福利待遇好","['3', '5']","['20', '30']",22.5
北京智融时代信息技术有限公司,智融集团,150-500人,C轮,海淀区,高级Python开发工程师,4.0,本科,25k-40k,"优秀团队,工场项目,六险一金,金融科技","['3', '5']","['25', '40']",28.75
北京旷视科技有限公司,Face++,500-2000人,C轮,海淀区,高级Python开发工程师,4.0,本科,25k-50k,大牛多,"['3', '5']","['25', '50']",31.25
爱赛因斯（北京）科技有限公司,PMCAFF产品经理社区,15-50人,A轮,朝阳区,Python工程师,4.0,本科,15k-30k,项目好,"['3', '5']","['15', '30']",18.75
北京步鼎方舟科技有限公司,微车,150-500人,C轮,海淀区,Python高级开发工程师,4.0,本科,20k-30k,一日三餐、带薪年假、弹性工作、六险一金,"['3', '5']","['20', '30']",22.5
锐波（北京）科技有限公司,波场TRON,150-500人,不需要融资,海淀区,高级 Python 工程师,4.0,本科,20k-40k,"区块链技术,国际化团队,技术大牛,发展前景好","['3', '5']","['20', '40']",25.0
北京首都在线科技股份有限公司,CDS,150-500人,上市公司,海淀区,python研发工程师,7.5,本科,15k-30k,"薪酬福利好,云计算公司","['5', '10']","['15', '30']",18.75
绫致时装（天津）有限公司,绫致时装（天津）有限公司,2000人以上,不需要融资,朝阳区,python开发工程师,4.0,大专,15k-25k,大平台,"['3', '5']","['15', '25']",17.5
北京贝斯平云科技有限公司,Bespin,150-500人,B轮,朝阳区,Python开发工程师（运维开发）,4.0,本科,15k-30k,"五险一金,位置便利,成长空间,弹性工作","['3', '5']","['15', '30']",18.75
北京智者天下科技有限公司,知乎,500-2000人,D轮及以上,海淀区,Python开发,2.0,本科,20k-40k,"三餐,健身房,mac","['1', '3']","['20', '40']",25.0
达而观信息科技（上海）有限公司,达观数据,50-150人,B轮,海淀区,Python高级开发工程师,4.0,本科,18k-36k,"团队技术强,发展空间大,人工智能","['3', '5']","['18', '36']",22.5
乐飞天下信息技术(北京)有限公司,乐飞天下,50-150人,未融资,朝阳区,python高级研发工程师,7.5,大专,20k-35k,"绩效奖金,员工旅游,带薪年假,股票期权","['5', '10']","['20', '35']",23.75
信永中和会计师事务所（特殊普通合伙）,信永中和,2000人以上,不需要融资,东城区,Python开发工程师,4.0,本科,15k-25k,"环境好,不加班,大公司","['3', '5']","['15', '25']",17.5
北京奥鹏远程教育中心有限公司,慕课网,50-150人,不需要融资,海淀区,python讲师,4.0,大专,18k-36k,"领导好,奖金多,行业翘楚,无限可能","['3', '5']","['18', '36']",22.5
小小黛朵（北京）科技有限公司,花生米富,150-500人,B轮,海淀区,python高级工程师,7.5,本科,25k-30k,"团队氛围好,高速发展,福利多多","['5', '10']","['25', '30']",26.25
北京刷刷看网络科技有限公司,刷刷看,150-500人,A轮,朝阳区,Python工程师,2.0,本科,15k-30k,"地铁周边,移动社交,牛人大咖多,新兴行业","['1', '3']","['15', '30']",18.75
北京凌云雀科技有限公司,灵雀云,150-500人,B轮,海淀区,Python,0.0,本科,13k-25k,"前沿科技,靠谱团队,工程师文化,H1B计划",[],"['13', '25']",16.0
北京一览科技有限公司,一览科技,150-500人,B轮,朝阳区,python开发工程师,4.0,本科,20k-40k,福利优厚,"['3', '5']","['20', '40']",25.0
北京闪银奇异科技有限公司,闪银奇异,500-2000人,D轮及以上,朝阳区,Python开发工程师,4.0,本科,18k-35k,"全额保险,自助午餐,核心业务,大牛同事","['3', '5']","['18', '35']",22.25
中电信用服务有限公司,中电信用,50-150人,未融资,海淀区,Python工程师,7.5,本科,15k-25k,"五险一金,带薪年假,餐补车补,定期体检","['5', '10']","['15', '25']",17.5
爱笔（北京）智能科技有限公司,Aibee,50-150人,天使轮,海淀区,Python开发工程师,4.0,本科,18k-36k,"初创公司,技术驱动","['3', '5']","['18', '36']",22.5
北京汇行科技有限公司,妙计旅行,150-500人,B轮,东城区,Python开发工程师,2.0,本科,10k-20k,"七险一金,14薪,提供三餐,晋升空间","['1', '3']","['10', '20']",12.5
北京步鼎方舟科技有限公司,微车,150-500人,C轮,海淀区,Python开发工程师,4.0,本科,10k-18k,"一日三餐,六险一金,14薪,定期团建","['3', '5']","['10', '18']",12.0
北京智者天下科技有限公司,知乎,500-2000人,D轮及以上,海淀区,Python 3 开发 (MJ000552),2.0,本科,20k-35k,"三餐,健身房,mac","['1', '3']","['20', '35']",23.75
路书（北京）科技有限公司,路书,50-150人,A轮,朝阳区,python研发工程师,4.0,本科,18k-30k,"期权分享,高颜值产品,年度旅游,弹性工作制","['3', '5']","['18', '30']",21.0
北京高域海汇科技有限公司,高域海汇,50-150人,不需要融资,朝阳区,Python开发工程师,4.0,本科,12k-18k,"五险一金,绩效奖金,餐补","['3', '5']","['12', '18']",13.5
北京乐途原动力科技发展有限公司,北京乐途原动力,50-150人,未融资,朝阳区,python 高级工程师,4.0,大专,20k-35k,"十五薪,打车补贴,双月奖金","['3', '5']","['20', '35']",23.75
北京修齐治平科技有限公司,爱云校,500-2000人,C轮,朝阳区,基础架构师-golang/C++/python,4.0,本科,20k-40k,"六险一金,午餐补助,提供晚餐,每日下午茶","['3', '5']","['20', '40']",25.0
北京乐信圣文科技有限责任公司,乐信圣文,50-150人,B轮,海淀区,Python开发工程师,2.0,本科,10k-20k,"年终奖,免费工作餐,五险一金,高端医疗","['1', '3']","['10', '20']",12.5
北京数美时代科技有限公司,数美,150-500人,B轮,朝阳区,python研发工程师,1.0,硕士,15k-30k,"飞速发展,技术氛围浓,待遇好,发展快",['1'],"['15', '30']",18.75
北京云英传奇技术有限公司,CloudIn,50-150人,A轮,朝阳区,高级Python工程师,4.0,本科,30k-40k,"大牛带队,绩效奖金,工程师文化,定期团建","['3', '5']","['30', '40']",32.5
北京融联世纪信息技术有限公司,融360,500-2000人,D轮及以上,海淀区,Python研发工程师,7.5,本科,20k-40k,"优质团队,福利待遇","['5', '10']","['20', '40']",25.0
北京慕华信息科技有限公司,学堂在线,150-500人,B轮,海淀区,Python工程师,7.5,硕士,25k-40k,"五险一金,交通补,免费早餐,定期体检","['5', '10']","['25', '40']",28.75
北京三快在线科技有限公司,美团点评,2000人以上,D轮及以上,朝阳区,服务端高级开发工程师Golang/Python,4.0,本科,35k-45k,"优厚待遇,技术导向","['3', '5']","['35', '45']",37.5
北京仁信智清科技有限公司,智清金科,15-50人,A轮,海淀区,Python,0.0,本科,20k-35k,"领导好,大牛云集,薪资待遇,职业发展",[],"['20', '35']",23.75
北京旷视科技有限公司,Face++,500-2000人,C轮,海淀区,Python后端工程师,4.0,本科,25k-50k,大牛多,"['3', '5']","['25', '50']",31.25
北京智能优学科技有限公司,熊猫加加,15-50人,未融资,朝阳区,Python高级开发工程师,4.0,本科,25k-30k,"五险一金,技术大牛,团队出游,部门聚餐","['3', '5']","['25', '30']",26.25
掌阅科技股份有限公司,掌阅,500-2000人,上市公司,朝阳区,高级Python研发工程师,4.0,本科,25k-35k,"扁平化管理,福利待遇佳,学习氛围好,晋升空间大","['3', '5']","['25', '35']",27.5
遨游酒店信息技术(深圳)有限责任公司,遨游酒店信息技术(深圳)有限责任公司,500-2000人,不需要融资,朝阳区,高级Python研发工程师,4.0,本科,15k-30k,"弹性上下班,高速发展,高速成长","['3', '5']","['15', '30']",18.75
上海诚信互通网络信息科技有限公司,诚信互通,150-500人,A轮,海淀区,Python研发工程师,4.0,大专,15k-30k,五险一金,"['3', '5']","['15', '30']",18.75
北京启明合心科技有限公司,合心科技,50-150人,A轮,海淀区,中级python开发工程师,0.0,本科,20k-35k,"领导好,不打卡,午晚餐,年底双薪",[],"['20', '35']",23.75
乐飞天下信息技术(北京)有限公司,乐飞天下,50-150人,未融资,朝阳区,Python中级开发工程师,7.5,大专,17k-34k,"福利好,带薪假,员工旅游,调薪调岗","['5', '10']","['17', '34']",21.25
北京粉笔蓝天科技有限公司,粉笔网,150-500人,不需要融资,朝阳区,Python开发工程师,2.0,本科,25k-40k,"技术大牛多,福利待遇好","['1', '3']","['25', '40']",28.75
北京棕榈创想科技有限公司,PALMAX,50-150人,A轮,海淀区,Python开发工程师,4.0,本科,15k-25k,"14薪,技术新,大牛多,年度体检","['3', '5']","['15', '25']",17.5
北京春雨天下软件有限公司,春雨医生,150-500人,C轮,海淀区,Python,4.0,本科,20k-40k,有挑战，自主加薪，技术氛围好,"['3', '5']","['20', '40']",25.0
北京智者天下科技有限公司,知乎,500-2000人,D轮及以上,海淀区,Python平台开发工程师,0.0,本科,22k-35k,"三餐,健身房,mac",[],"['22', '35']",25.25
北京慕华信息科技有限公司,学堂在线,150-500人,B轮,海淀区,系统开发工程师（Python）,4.0,本科,20k-35k,"五险一金,餐补,生日会,优秀团队","['3', '5']","['20', '35']",23.75
北京智水互娱科技有限公司,智水互娱,15-50人,不需要融资,东城区,Python开发工程师,2.0,大专,20k-40k,"海外,高薪","['1', '3']","['20', '40']",25.0
银客未来科技（北京）有限公司,INK 银客集团,500-2000人,C轮,海淀区,python开发工程师,7.5,大专,20k-30k,"七险一金,绩效奖金","['5', '10']","['20', '30']",22.5
竞技世界（北京）网络技术有限公司,竞技世界,500-2000人,不需要融资,海淀区,服务器开发工程师（nodejs/java/python/go,7.5,本科,25k-40k,大牛云集，固定调薪，国内外出游，领导好,"['5', '10']","['25', '40']",28.75
上海蔚来汽车有限公司,NIO蔚来,2000人以上,D轮及以上,朝阳区,python,4.0,本科,20k-40k,"六险一金,弹性办公,租房补贴,学霸团队","['3', '5']","['20', '40']",25.0
北京果壳互动科技传媒有限公司,果壳网,150-500人,C轮,朝阳区,高级Python开发工程师,4.0,本科,20k-40k,"八险一金,免费三餐,不加班,弹性工作","['3', '5']","['20', '40']",25.0
北京智者天下科技有限公司,知乎,500-2000人,D轮及以上,海淀区,Python开发工程师,4.0,本科,15k-30k,薪资优厚、氛围宽松、每日三餐、六险一金,"['3', '5']","['15', '30']",18.75
北京旷视科技有限公司,Face++,500-2000人,C轮,海淀区,python高级后端工程师,7.5,本科,25k-50k,核心团队,"['5', '10']","['25', '50']",31.25
绫致时装（天津）有限公司,绫致时装（天津）有限公司,2000人以上,不需要融资,朝阳区,高级零售系统工程师 （Python工程师）,4.0,本科,15k-20k,"大平台,新零售系统","['3', '5']","['15', '20']",16.25
北京领今科技有限公司,领今科技,15-50人,未融资,西城区,Python开发工程师,0.0,本科,8k-14k,"五险一金,带薪年假,周末双休,餐补",[],"['8', '14']",9.5
北京爱选信息科技有限公司,爱选科技,少于15人,天使轮,朝阳区,Python开发工程师,4.0,本科,15k-25k,"金融科技类,公司氛围好","['3', '5']","['15', '25']",17.5
小小黛朵（北京）科技有限公司,花生米富,150-500人,B轮,海淀区,python工程师,4.0,大专,16k-20k,九险一金,"['3', '5']","['16', '20']",17.0
北京字节跳动科技有限公司,字节跳动,2000人以上,C轮,海淀区,高级python工程师,4.0,本科,30k-60k,六险一金，高薪期权，弹性工作，免费三餐，租房补贴，休闲下午茶，扁平管理，团队氛围好，优厚薪资,"['3', '5']","['30', '60']",37.5
北京金风科创风电设备有限公司,金风科技,2000人以上,上市公司,大兴区,Python 开发工程师,4.0,本科,18k-35k,"五险一金,节日福利,餐补,带薪年假","['3', '5']","['18', '35']",22.25
北京知源智生信息科技有限公司,知源智生,50-150人,不需要融资,海淀区,python工程师,4.0,本科,15k-30k,"领导好,学术氛围,免费零食,弹性工作","['3', '5']","['15', '30']",18.75
北京超盟数据科技有限公司,超盟数据,50-150人,A轮,海淀区,中级python开发工程师,4.0,本科,20k-30k,"前沿领域,新市场,新机遇,新挑战","['3', '5']","['20', '30']",22.5
企鹅创新（北京）科技有限公司,企鹅创新,50-150人,天使轮,朝阳区,Python工程师,4.0,本科,15k-25k,"五险一金,带薪年假,午餐报销","['3', '5']","['15', '25']",17.5
北京中公教育科技股份有限公司,中公教育,2000人以上,未融资,海淀区,Python讲师,4.0,本科,20k-30k,"五险一金,补助","['3', '5']","['20', '30']",22.5
北京国双科技有限公司,Gridsum 国双,500-2000人,上市公司,海淀区,Python研发工程师,2.0,本科,15k-25k,"六险一金,节日福利,带薪休假,餐补","['1', '3']","['15', '25']",17.5
中金中富（北京）文化传媒有限公司,中金中富,150-500人,A轮,朝阳区,Python工程师(新闻类),4.0,大专,20k-30k,"年底双薪,项目奖金,周末双休,包吃","['3', '5']","['20', '30']",22.5
北京旷视科技有限公司,Face++,500-2000人,C轮,海淀区,高级Python后端工程师,4.0,本科,25k-50k,大牛多,"['3', '5']","['25', '50']",31.25
上海淇毓信息科技有限公司,奇虎360金融,500-2000人,未融资,朝阳区,Python开发工程师,4.0,大专,20k-40k,"优秀团队,优秀项目","['3', '5']","['20', '40']",25.0
北京字节跳动科技有限公司,字节跳动,2000人以上,C轮,海淀区,高级python研发工程师,2.0,本科,20k-40k,"六险一金,高薪期权,弹性工作,租房补贴","['1', '3']","['20', '40']",25.0
北京猎户星空科技有限公司,猎户星空,500-2000人,A轮,朝阳区,Python开发工程师,4.0,本科,18k-35k,牛人云集，优质福利,"['3', '5']","['18', '35']",22.25
北京南天软件有限公司,南软,500-2000人,上市公司,海淀区,Python开发工程师,4.0,本科,10k-18k,"五险一金,年终奖金,带薪年假,交补话补","['3', '5']","['10', '18']",12.0
北京启明合心科技有限公司,合心科技,50-150人,A轮,海淀区,高级python后端工程师,4.0,本科,20k-35k,"领导好,不打卡,氛围好","['3', '5']","['20', '35']",23.75
北京汉迪移动互联网科技股份有限公司,iHandy,150-500人,不需要融资,海淀区,Python架构师,7.5,本科,35k-60k,"硅谷范办公,六险一金,水果零食,团队氛围佳","['5', '10']","['35', '60']",41.25
北京摩尔妈咪网络科技有限公司,摩尔妈妈,15-50人,A轮,朝阳区,python开发工程师,2.0,本科,10k-20k,"大牛带队,注重成长,季度奖金,免费午餐","['1', '3']","['10', '20']",12.5
北京闪银奇异科技有限公司,闪银奇异,500-2000人,D轮及以上,朝阳区,python工程师,0.0,本科,30k-45k,"大牛同事,机器学习,六险一金,丰厚年终奖",[],"['30', '45']",33.75
北京右划网络科技有限公司,右划,50-150人,A轮,朝阳区,高级python开发工程师,4.0,本科,30k-60k,"短视频,大牛云集,工程师文化,一年15薪","['3', '5']","['30', '60']",37.5
瞬联软件科技（北京）有限公司,瞬联软件科技（北京）有限公司,500-2000人,不需要融资,朝阳区,python开发,4.0,本科,10k-18k,"七险一金,带薪年假,弹性工作,职位晋升","['3', '5']","['10', '18']",12.0
北京小龙虾科技有限公司,聚宽 JoinQuant,50-150人,B轮,朝阳区,Python,4.0,本科,40k-60k,"免费中晚餐,下午茶,六险一金,扁平化管理","['3', '5']","['40', '60']",45.0
北京国双科技有限公司,Gridsum 国双,500-2000人,上市公司,海淀区,资深python开发工程师,4.0,本科,20k-30k,发挥空间 晋升空间 牛人多 团队优秀,"['3', '5']","['20', '30']",22.5
北京第三石科技发展有限公司,第三石科技,50-150人,B轮,朝阳区,Python开发工程师,4.0,本科,15k-30k,"前沿技术,丰富下午茶,弹性工作,扁平管理","['3', '5']","['15', '30']",18.75
北京优虎商务服务有限公司,老虎证券,150-500人,C轮,朝阳区,Python开发工程师,2.0,本科,20k-35k,"六险一金,绩效奖金,发展空间大,股票期权","['1', '3']","['20', '35']",23.75
北京字节跳动科技有限公司,字节跳动,2000人以上,C轮,海淀区,Python开发工程师-变现业务,2.0,本科,25k-40k,六险一金，弹性工作，免费三餐，租房补贴，带薪休假，休闲下午茶，扁平管理，健身瑜伽，过亿用户，职业大牛，晋升空间，团队氛围好，优厚薪资,"['1', '3']","['25', '40']",28.75
北京闪银奇异科技有限公司,闪银奇异,500-2000人,D轮及以上,朝阳区,Python 中高级工程师,4.0,本科,25k-50k,"业务发展快,技术氛围浓,福利好,上升空间大","['3', '5']","['25', '50']",31.25
北京步鼎方舟科技有限公司,微车,150-500人,C轮,海淀区,Python高级数据工程师,4.0,本科,20k-30k,"五险一金,一日三餐,带薪年假,定期体检","['3', '5']","['20', '30']",22.5
北京来也网络科技有限公司,助理来也,50-150人,B轮,海淀区,Python开发工程师,4.0,本科,20k-40k,"人工智能,弹性工作,扁平管理,技术牛人","['3', '5']","['20', '40']",25.0
北京众安天下科技有限公司,众安天下 allsec,15-50人,天使轮,海淀区,Python开发工程师,4.0,本科,20k-30k,"五险一金,带薪年假,免费体检,零食管饱","['3', '5']","['20', '30']",22.5
上海微创软件股份有限公司北京分公司,微创,2000人以上,不需要融资,海淀区,Python开发,0.0,本科,10k-13k,"大公司,六险一金,人工智能,班车食堂",[],"['10', '13']",10.75
安徽七天教育科技有限公司,七天教育,500-2000人,B轮,昌平区,Python工程师,7.5,本科,20k-30k,"周末双休,法定节假,带薪年假,项目奖励","['5', '10']","['20', '30']",22.5
智线云科技（北京）有限公司,ZingFront智线,50-150人,A轮,朝阳区,高级Python工程师,4.0,本科,15k-25k,"带薪年假,福利多,办公环境好,团队氛围好","['3', '5']","['15', '25']",17.5
深圳市麦达数字股份有限公司,麦达数字,500-2000人,上市公司,朝阳区,PYTHON研发工程师,4.0,本科,25k-35k,"上市公司,五险一金,薪酬福利好,发展空间大","['3', '5']","['25', '35']",27.5
北京小龙虾科技有限公司,聚宽 JoinQuant,50-150人,B轮,朝阳区,python工程师,0.0,本科,20k-35k,"免费中晚餐,下午茶,六险一金,扁平化管理",[],"['20', '35']",23.75
北京慕华信息科技有限公司,学堂在线,150-500人,B轮,海淀区,Python工程师,4.0,本科,15k-25k,"五险一金,绩效奖金,免费早餐,交补餐补","['3', '5']","['15', '25']",17.5
北京国双科技有限公司,Gridsum 国双,500-2000人,上市公司,海淀区,资深Python研发工程师,4.0,本科,20k-40k,"上市公司,六险一金,发挥空间,团队氛围","['3', '5']","['20', '40']",25.0
轻易科技有限公司,轻易贷,2000人以上,上市公司,海淀区,Python开发工程师,4.0,本科,15k-28k,"弹性工作制,扁平化管理,绩效奖金,美国上市","['3', '5']","['15', '28']",18.25
北京大米未来科技有限公司,VIPKID,2000人以上,D轮及以上,朝阳区,Python开发工程师,4.0,本科,18k-35k,"住房补贴,优厚待遇,福利多,专属班车","['3', '5']","['18', '35']",22.25
北京快松果科技有限公司,松果出行,150-500人,C轮,朝阳区,高级Python开发工程师,4.0,本科,30k-45k,"大牛多,快速发展期,业务好,17薪","['3', '5']","['30', '45']",33.75
北京小龙虾科技有限公司,聚宽 JoinQuant,50-150人,B轮,朝阳区,Python,2.0,本科,15k-30k,"免费中晚餐,下午茶,六险一金,扁平化管理","['1', '3']","['15', '30']",18.75
北京完美创意科技有限公司,更美APP,150-500人,D轮及以上,朝阳区,高级Python开发工程师,4.0,本科,25k-45k,"弹性工时,出国游,扁平化团队,带薪年假","['3', '5']","['25', '45']",30.0
北京豆网科技有限公司,豆瓣网,150-500人,C轮,朝阳区,Python开发工程师,4.0,本科,20k-35k,"六险一金,带薪年假,年度体检,早餐下午茶","['3', '5']","['20', '35']",23.75
北京市商汤科技开发有限公司,商汤科技,2000人以上,C轮,海淀区,算法开发工程师（Python）,2.0,本科,20k-40k,"AI独角兽,公司前景好","['1', '3']","['20', '40']",25.0
北京源清慧虹信息科技有限公司,源清慧虹,50-150人,B轮,海淀区,高级python研发工程师,4.0,本科,20k-30k,"二次医疗,健身场所,福利补助","['3', '5']","['20', '30']",22.5
北京慕华信息科技有限公司,学堂在线,150-500人,B轮,海淀区,Python开发工程师,4.0,本科,15k-25k,股票期权，五险一金，交补餐补，零食水果,"['3', '5']","['15', '25']",17.5
安一恒通（北京）科技有限公司,度小满金融,500-2000人,A轮,海淀区,python工程师,2.0,本科,15k-30k,弹性工作制,"['1', '3']","['15', '30']",18.75
北京格上添富科技发展有限公司,格上添富,150-500人,不需要融资,朝阳区,Python研发工程师,4.0,本科,13k-25k,弹性工作，扁平化管理，零食水果,"['3', '5']","['13', '25']",16.0
零氪信息技术（北京）有限公司,LinkDoc,500-2000人,D轮及以上,海淀区,python开发工程师,0.0,本科,14k-28k,"六险一金,午餐补助,加班补助,大牛云集",[],"['14', '28']",17.5
北京智胜新格科技有限公司,北京智胜新格科技有限公司,50-150人,不需要融资,海淀区,Python开发,2.0,本科,15k-30k,"六险一金,硅谷式办公,绩效奖金,按摩椅","['1', '3']","['15', '30']",18.75
国美金控投资有限公司,国美金控,2000人以上,未融资,朝阳区,python研发工程师,7.5,本科,30k-40k,"大平台,新项目,领导卓越","['5', '10']","['30', '40']",32.5
联想（北京）有限公司,联想集团,2000人以上,上市公司,海淀区,Python 开发,2.0,本科,10k-15k,稳定,"['1', '3']","['10', '15']",11.25
北京中公教育科技股份有限公司,中公教育,2000人以上,未融资,海淀区,Python助理讲师,2.0,本科,7k-10k,"五险一金,年底奖金","['1', '3']","['7', '10']",7.75
北京多贝兄弟信息技术有限公司,多贝网,50-150人,上市公司,海淀区,python开发,0.0,本科,10k-20k,"六险一金,免费午餐,不打卡,纯技术团队",[],"['10', '20']",12.5
北京聚齐众兴网络科技有限公司,北京聚齐,15-50人,A轮,大兴区,高级Python工程师,7.5,本科,15k-20k,"五险一金,周末双休,节日福利,员工旅游","['5', '10']","['15', '20']",16.25
北京智合大方科技有限公司,客知音,15-50人,天使轮,东城区,资深python开发,0.0,本科,35k-50k,"交通便利,领导大牛,晋升空间大,薪酬有吸引",[],"['35', '50']",38.75
北京优虎商务服务有限公司,老虎证券,150-500人,C轮,朝阳区,python开发工程师,0.0,本科,20k-40k,"待遇优,加班少,临近地铁",[],"['20', '40']",25.0
北京缔联科技有限公司,缔联科技,50-150人,B轮,海淀区,Python开发工程师,4.0,本科,10k-20k,"周末双休,法定节假日,六险一金,年底双薪","['3', '5']","['10', '20']",12.5
北京曜辉信息科技有限公司,曜辉科技,15-50人,未融资,朝阳区,Python工程师-机器学习方向,2.0,本科,20k-35k,"高成长,机会大,全额险金,有零食","['1', '3']","['20', '35']",23.75
安一恒通（北京）科技有限公司,度小满金融,500-2000人,A轮,海淀区,Python工程师,2.0,本科,15k-30k,"技术过硬,经验丰富","['1', '3']","['15', '30']",18.75
北京下厨房科技有限公司,下厨房,50-150人,B轮,海淀区,Python开发工程师,2.0,本科,15k-25k,"带薪年假多,免费午餐,弹性工作制,工作氛围佳","['1', '3']","['15', '25']",17.5
北京慕华信息科技有限公司,学堂在线,150-500人,B轮,海淀区,Python工程师,4.0,本科,15k-25k,来吧，与技术大牛过招吧！,"['3', '5']","['15', '25']",17.5
北京雷石世纪科技有限公司,北京雷石公司,150-500人,A轮,朝阳区,Python工程师,2.0,大专,10k-20k,"补充医疗险,弹性工作制","['1', '3']","['10', '20']",12.5
南京绛门信息科技股份有限公司,绛门科技,500-2000人,未融资,朝阳区,Python,4.0,大专,12k-22k,"五险一金,带薪年假,定期体检,员工旅游","['3', '5']","['12', '22']",14.5
北京陌陌科技有限公司,陌陌,500-2000人,上市公司,朝阳区,Python开发工程师（反Spam方向）,2.0,本科,15k-30k,"技术氛围好,核心业务","['1', '3']","['15', '30']",18.75
混沌时代（北京）教育科技有限公司,混沌大学,150-500人,不需要融资,海淀区,python后台工程师,2.0,本科,15k-25k,"五险一金,补充医疗,定期体检,弹性工作","['1', '3']","['15', '25']",17.5
上海微创软件股份有限公司北京分公司,微创,2000人以上,不需要融资,海淀区,python开发工程师-赴微软,2.0,本科,10k-15k,"带薪年假,六险一金,年终奖金,弹性工作","['1', '3']","['10', '15']",11.25
上海福萝电子科技有限公司,Cobo Wallet,15-50人,A轮,朝阳区,"Python, nodejs，golang工程师",4.0,本科,30k-60k,"股权激励,成长空间,大牛团队,良好环境","['3', '5']","['30', '60']",37.5
北京源石智影科技有限公司,智影,50-150人,不需要融资,朝阳区,python开发工程师,2.0,本科,15k-20k,"朝阳行业,平台广阔,技术大牛,福利丰厚","['1', '3']","['15', '20']",16.25
北京国双科技有限公司,Gridsum 国双,500-2000人,上市公司,海淀区,资深Python研发工程师（devops经验优先）,7.5,本科,20k-35k,"上市公司,大数据企业,年终奖金,带薪年假","['5', '10']","['20', '35']",23.75
北京天广汇通科技有限公司,天广汇通,50-150人,不需要融资,海淀区,python开发工程师,4.0,本科,15k-25k,软件工程师,"['3', '5']","['15', '25']",17.5
生命奇点（北京）科技有限公司,生命奇点,50-150人,A轮,海淀区,大数据平台开发工程师 Java/Python,0.0,本科,10k-20k,"发展空间大,项目前景好,团队氛围好,技术导向",[],"['10', '20']",12.5
奇虎360科技有限公司,360,2000人以上,上市公司,朝阳区,python,4.0,本科,30k-55k,发展平台 免费三餐 福利待遇,"['3', '5']","['30', '55']",36.25
北京多贝兄弟信息技术有限公司,多贝网,50-150人,上市公司,海淀区,python开发,0.0,本科,10k-20k,"六险一金,免费午餐,极客氛围,薪资高",[],"['10', '20']",12.5
云孚科技（北京）有限公司,云孚科技,15-50人,不需要融资,海淀区,Python研发工程师,0.0,本科,6k-12k,"大牛直接带,顶级挑战,高速成长",[],"['6', '12']",7.5
京东金融,京东金融,2000人以上,上市公司,大兴区,高级Python开发工程师,7.5,本科,20k-40k,"班车,餐补","['5', '10']","['20', '40']",25.0
北京小度互娱科技有限公司,百度视频,150-500人,B轮,海淀区,Python开发工程师,4.0,本科,15k-25k,"团队优秀,福利优厚","['3', '5']","['15', '25']",17.5
上海微创软件股份有限公司北京分公司,微创,2000人以上,不需要融资,海淀区,Python工程师-赴微软小冰,2.0,本科,8k-10k,"六险一金,带薪年假,节日福利,弹性工作","['1', '3']","['8', '10']",8.5
北京墨迹风云科技股份有限公司,墨迹天气,150-500人,C轮,朝阳区,Python开发工程师,4.0,本科,15k-25k,"5亿用户,六险一金","['3', '5']","['15', '25']",17.5
无锡信成网络科技有限公司,黑牛保,15-50人,A轮,大兴区,python开发工程师,7.5,本科,15k-20k,"五险一金,周末双休,节日福利,员工旅游","['5', '10']","['15', '20']",16.25
北京库神信息技术有限公司,库神,50-150人,A轮,海淀区,Python研发工程师,2.0,本科,20k-40k,"发展潜力大,补充医疗,新技术,团队氛围好","['1', '3']","['20', '40']",25.0
京东商城-技术研发体系-大数据部,京东商城研发部,2000人以上,上市公司,大兴区,Python,7.5,本科,30k-50k,"行业前沿,部门直招,核心加班,核心团队","['5', '10']","['30', '50']",35.0
北京优虎商务服务有限公司,老虎证券,150-500人,C轮,朝阳区,Python开发工程师,2.0,本科,20k-40k,"六险一金,超多假期","['1', '3']","['20', '40']",25.0
北京天桐互动信息技术有限公司,天桐互动,15-50人,A轮,朝阳区,高级Python工程师,2.0,本科,20k-35k,"期权激励,扁平化管理,五险一金,年底双薪","['1', '3']","['20', '35']",23.75
图玛深维医疗科技（北京）有限公司,图玛深维,50-150人,B轮,朝阳区,Python/Golang开发工程师,4.0,本科,15k-30k,"技术大牛,AI,弹性工作,氛围良好","['3', '5']","['15', '30']",18.75
京东金融,京东金融,2000人以上,上市公司,大兴区,高级Python开发工程师,7.5,本科,20k-40k,"班车,餐补","['5', '10']","['20', '40']",25.0
上海基分文化传播有限公司,趣头条,500-2000人,上市公司,海淀区,python开发工程师,7.5,本科,20k-40k,"五险一金,补充医疗,带薪年假,上市公司","['5', '10']","['20', '40']",25.0
拓天伟业（北京）资产管理集团有限公司,拓天,500-2000人,不需要融资,丰台区,python高级工程,7.5,本科,25k-50k,"扁平化管理,试用期全额,10天年假,五险一金全","['5', '10']","['25', '50']",31.25
非凡维格（北京）信息科技有限公司,Weego Travel,50-150人,B轮,朝阳区,Python高级工程师-服务器端,4.0,本科,25k-50k,"国际产品,带薪年假,弹性工作,开放办公","['3', '5']","['25', '50']",31.25
北京雷石世纪科技有限公司,北京雷石公司,150-500人,A轮,朝阳区,Python工程师,4.0,本科,15k-30k,"五险一金,带薪年假,领导赞,补充医疗","['3', '5']","['15', '30']",18.75
北京金山云网络技术有限公司,金山云,500-2000人,D轮及以上,海淀区,校招-Python/Golang研发工程师,0.0,本科,10k-15k,"六险一金,技能培训,节日福利,免费三餐",[],"['10', '15']",11.25
北京京东世纪贸易有限公司,京东集团,2000人以上,上市公司,朝阳区,python运维开发工程师,7.5,本科,30k-60k,"五险一金,周末双休,免费班车,餐补","['5', '10']","['30', '60']",37.5
上海微创软件股份有限公司北京分公司,微创,2000人以上,不需要融资,海淀区,python（赴百度）,2.0,本科,11k-18k,"大厂经验,班车食堂,六险一金","['1', '3']","['11', '18']",12.75
零氪信息技术（北京）有限公司,LinkDoc,500-2000人,D轮及以上,海淀区,Python工程师,0.0,本科,18k-36k,"15薪,六险一金,午晚餐补助,弹性不打卡",[],"['18', '36']",22.5
北京快乐茄信息技术有限公司,茄子快传,150-500人,B轮,海淀区,中级Python开发工程师(000416),2.0,本科,15k-30k,"弹性工作,技术驱动,千万级用户,福利待遇","['1', '3']","['15', '30']",18.75
南京云孚智能科技有限公司,云孚科技,少于15人,未融资,海淀区,Python研发工程师,0.0,本科,6k-12k,"大牛直接带,顶级挑战,高速成长",[],"['6', '12']",7.5
溪流科技（北京）有限公司,溪流科技,15-50人,未融资,朝阳区,Python开发工程师,4.0,本科,12k-24k,"成长空间大,团队文化好,六险一金,周末双休","['3', '5']","['12', '24']",15.0
北京中科物安科技有限公司,中科物安,15-50人,未融资,海淀区,python开发工程师,4.0,本科,15k-25k,"发展空间大,五险一金,餐补,带薪年假","['3', '5']","['15', '25']",17.5
北京优虎商务服务有限公司,老虎证券,150-500人,C轮,朝阳区,Python工程师,4.0,本科,18k-35k,"6险一金,弹性工作,团队好,氛围轻松","['3', '5']","['18', '35']",22.25
北京路玺优讯科技有限公司,面包旅行,50-150人,C轮,朝阳区,Python开发工程师,4.0,本科,25k-35k,"发展空间大,晋升空间大,扁平化管理","['3', '5']","['25', '35']",27.5
北京摩尔妈咪网络科技有限公司,摩尔妈妈,15-50人,A轮,朝阳区,高级python开发工程师,4.0,本科,15k-30k,"大牛带队,注重成长,季度奖金,免费午餐","['3', '5']","['15', '30']",18.75
深圳码隆科技有限公司,码隆科技,50-150人,B轮,海淀区,python工程师(北京),2.0,本科,15k-25k,发展前景广阔,"['1', '3']","['15', '25']",17.5
北京八维研修学院,北京八维研修学院,2000人以上,未融资,海淀区,Python教学研发经理,4.0,大专,18k-35k,"五险一金,带薪年假","['3', '5']","['18', '35']",22.25
便利蜂商贸有限公司,便利蜂,2000人以上,不需要融资,朝阳区,Python开发工程师(J11761),2.0,本科,10k-15k,机会众多,"['1', '3']","['10', '15']",11.25
北京米多琪文化有限公司,米多琪,15-50人,未融资,朝阳区,python,2.0,大专,8k-10k,"五险一金,气氛轻松","['1', '3']","['8', '10']",8.5
视觉（中国）文化发展股份有限公司北京分公司,视觉中国,150-500人,上市公司,朝阳区,python开发工程师,4.0,本科,15k-25k,"上市公司,六险一金,带薪年假,绩效奖金","['3', '5']","['15', '25']",17.5
上海一起作业信息科技有限公司,一起科技,500-2000人,D轮及以上,朝阳区,python高级开发工程师（技术）,4.0,本科,25k-50k,"独角兽,待遇好,工作环境好","['3', '5']","['25', '50']",31.25
马上消费金融股份有限公司,马上金融,2000人以上,不需要融资,朝阳区,Python开发工程师,4.0,大专,20k-30k,年底2-4薪,"['3', '5']","['20', '30']",22.5
昆仑智汇数据科技（北京）有限公司,K2DATA,50-150人,B轮,海淀区,软件开发工程师（Python）,4.0,本科,15k-30k,行业大牛,"['3', '5']","['15', '30']",18.75
北京世纪好未来教育科技有限公司,好未来,2000人以上,上市公司,,家长帮-Python/Django web开发工程师,4.0,本科,20k-35k,上市公司，六险一金，住房无息，福利待遇好,"['3', '5']","['20', '35']",23.75
北京微步在线科技有限公司,微步在线,50-150人,B轮,海淀区,python开发工程师,4.0,本科,15k-25k,"技术培训,绩效奖金","['3', '5']","['15', '25']",17.5
北京闪银奇异科技有限公司,闪银奇异,500-2000人,D轮及以上,朝阳区,Python开发,0.0,本科,10k-15k,"七险一金,扁平管理,技术氛围浓,业务发展快",[],"['10', '15']",11.25
北京新工场投资顾问有限公司,她理财,50-150人,A轮,朝阳区,高级python开发工程师,2.0,本科,15k-30k,互联网金融 无天花板 六险一金 期权激励,"['1', '3']","['15', '30']",18.75
北京猎户星空科技有限公司,猎户星空,500-2000人,A轮,朝阳区,Python工程师,2.0,本科,10k-20k,"空间大,机会多,福利好","['1', '3']","['10', '20']",12.5
北京诸葛找房信息技术有限公司,诸葛找房网,150-500人,B轮,朝阳区,Python工程师,4.0,大专,20k-40k,"六险一金,住房补贴,节日福利,一日三餐","['3', '5']","['20', '40']",25.0
便利蜂商贸有限公司,便利蜂,2000人以上,不需要融资,朝阳区,python工程师(J11548),4.0,本科,25k-40k,五险一金,"['3', '5']","['25', '40']",28.75
北京冲浪科技有限公司,冲浪科技,50-150人,天使轮,海淀区,Python开发工程师,2.0,本科,8k-15k,"五险一金,创业公司,办公环境好","['1', '3']","['8', '15']",9.75
北京趣拿软件科技有限公司,去哪儿网,2000人以上,不需要融资,海淀区,Python高级研发工程师-度假事业部(J11528),4.0,本科,20k-40k,团队氛围融洽，帅哥美女多，年假多，年终奖,"['3', '5']","['20', '40']",25.0
奇点浩翰数据技术（北京）有限公司,奇点浩翰,15-50人,未融资,东城区,Python开发工程师,0.0,本科,15k-20k,"五险一金,绩效奖金,定期体检,员工旅游",[],"['15', '20']",16.25
上海一起作业信息科技有限公司,一起科技,500-2000人,D轮及以上,朝阳区,Python高级研发工程师(技术),0.0,大专,15k-30k,"绩效奖金,带薪年假",[],"['15', '30']",18.75
北京京东世纪贸易有限公司,京东集团,2000人以上,上市公司,朝阳区,Python后端研发工程师,4.0,本科,25k-50k,"发展好,平台大,机会多,待遇好","['3', '5']","['25', '50']",31.25
北京快乐茄信息技术有限公司,茄子快传,150-500人,B轮,海淀区,高级Python工程师(000397)(BJ),2.0,本科,15k-30k,"弹性工作,技术驱动,千万级用户,福利待遇","['1', '3']","['15', '30']",18.75
北京闪银奇异科技有限公司,闪银奇异,500-2000人,D轮及以上,朝阳区,Python开发工程师,2.0,本科,18k-35k,"全五险一金,牛人多,发展快,福利好","['1', '3']","['18', '35']",22.25
北京中公教育科技股份有限公司,中公教育,2000人以上,未融资,海淀区,Python研发编辑,2.0,本科,15k-25k,"五险一金,年终奖金","['1', '3']","['15', '25']",17.5
北京聚道科技有限公司,GeneDock,15-50人,B轮,海淀区,Python后端工程师,7.5,本科,25k-40k,"五险一金,免费午餐,团队融洽,技术超前","['5', '10']","['25', '40']",28.75
北京通力互联技术服务有限公司,通力互联,2000人以上,不需要融资,海淀区,Python开发,4.0,大专,9k-18k,"周末双休,团建活动","['3', '5']","['9', '18']",11.25
北京翼扬创新科技有限公司,北京翼扬,150-500人,未融资,海淀区,python开发工程师,4.0,大专,10k-16k,"平台好,福利好,大项目","['3', '5']","['10', '16']",11.5
东吴（苏州）金融科技有限公司,东吴在线,50-150人,不需要融资,朝阳区,python量化开发工程师,0.0,本科,12k-20k,"高频策略,自研自用,接触策略,券商系",[],"['12', '20']",14.0
人人贷商务顾问（北京）有限公司,人人贷,2000人以上,A轮,海淀区,Python开发高级工程师,4.0,本科,30k-60k,"五险一金,节假日礼金,竞争力薪酬","['3', '5']","['30', '60']",37.5
新浪网技术（中国）有限公司,新浪网,2000人以上,上市公司,海淀区,Python开发工程师,2.0,本科,13k-26k,系统开发,"['1', '3']","['13', '26']",16.25
北京闪银奇异科技有限公司,闪银奇异,500-2000人,D轮及以上,朝阳区,Python 开发工程师,4.0,本科,15k-25k,"晋升空间大,七险一金,补充医疗,多次调薪","['3', '5']","['15', '25']",17.5
北京快乐茄信息技术有限公司,茄子快传,150-500人,B轮,海淀区,python开发工程师,2.0,本科,15k-30k,"行业独角兽,团队大牛多,薪资福利好","['1', '3']","['15', '30']",18.75
智线云科技（北京）有限公司,ZingFront智线,50-150人,A轮,朝阳区,Python中级工程师,4.0,本科,15k-25k,"六险一金,晋升空间大,超长年假,团队氛围好","['3', '5']","['15', '25']",17.5
紫梧桐（北京）资产管理有限公司,蛋壳公寓,2000人以上,B轮,东城区,Python开发工程师,7.5,本科,20k-40k,技术大牛团,"['5', '10']","['20', '40']",25.0
北京云英传奇技术有限公司,CloudIn,50-150人,A轮,朝阳区,Python研发工程师,7.5,本科,20k-40k,"技术大咖,公司氛围好,项目奖金","['5', '10']","['20', '40']",25.0
北京罗威亚科技有限公司,罗威亚科技,15-50人,天使轮,大兴区,python攻城狮,2.0,本科,9k-15k,"平台好,技术新,大牛带,团队棒","['1', '3']","['9', '15']",10.5
互动峰科技(北京)有限公司,好大夫在线,500-2000人,D轮及以上,朝阳区,Python工程师,0.0,本科,18k-35k,"大公司,大平台,机会多,六险一金",[],"['18', '35']",22.25
北京金山云网络技术有限公司,金山云,500-2000人,D轮及以上,海淀区,Python架构师,7.5,本科,20k-40k,"免费三餐,免费班车,下午茶,良好办公环","['5', '10']","['20', '40']",25.0
北京步鼎方舟科技有限公司,微车,150-500人,C轮,海淀区,Python架构师,7.5,本科,30k-60k,带薪年假、五险一金、一日三餐、定期体检,"['5', '10']","['30', '60']",37.5
北京明微共创科技有限公司,明微科技,少于15人,未融资,海淀区,python工程师,0.0,本科,4k-6k,"全勤奖,餐补,五险一金",[],"['4', '6']",4.5
北京中科国际软件有限公司,中科国际,50-150人,上市公司,西城区,Python开发工程师,2.0,本科,10k-18k,"开发维护,数据分析,数据算法,优化系统","['1', '3']","['10', '18']",12.0
盛和（北京）资讯科技有限公司,盛和资讯,15-50人,A轮,西城区,Python算法工程师（初中级）,2.0,本科,15k-25k,"高收入,热门领域,发展前景","['1', '3']","['15', '25']",17.5
柔持（北京）科技有限公司,柔持英语,150-500人,B轮,朝阳区,Python开发工程师,4.0,本科,20k-40k,"五险一金,pytho","['3', '5']","['20', '40']",25.0
北京大米未来科技有限公司,VIPKID,2000人以上,D轮及以上,朝阳区,高级Python开发工程师,4.0,本科,15k-30k,"住房补贴,待遇优厚,福利多,专属班车","['3', '5']","['15', '30']",18.75
北京厨芯科技有限公司,厨芯科技,150-500人,A轮,朝阳区,Python开发工程师,4.0,本科,15k-30k,"高速成长,扁平管理","['3', '5']","['15', '30']",18.75
小叶子（北京）科技有限公司,The ONE,150-500人,C轮,朝阳区,python,4.0,本科,20k-30k,"免费午晚餐,五险一金,交补,年终奖","['3', '5']","['20', '30']",22.5
中视科华有限公司北京技术服务分公司,中视科华北京技术服务分公司,500-2000人,不需要融资,海淀区,Python工程师,4.0,本科,10k-18k,"人工智能,AI,平台广阔,软件开发","['3', '5']","['10', '18']",12.0
北京百乘传媒技术有限公司,百乘传媒,15-50人,A轮,朝阳区,高级Python工程师,7.5,本科,18k-30k,工程师,"['5', '10']","['18', '30']",21.0
北京闪银奇异科技有限公司,闪银奇异,500-2000人,D轮及以上,朝阳区,Python开发工程师,2.0,本科,15k-25k,"七险一金,自助午餐,免费健身,弹性工作","['1', '3']","['15', '25']",17.5
克鲁（北京）网络科技有限公司,Castbox,50-150人,B轮,朝阳区,Python后端开发工程师,4.0,本科,20k-40k,"大牛云集,硅谷文化,免费三餐,租房补贴","['3', '5']","['20', '40']",25.0
智线云科技（北京）有限公司,ZingFront智线,50-150人,A轮,朝阳区,高级Java/PHP/Python工程师,4.0,本科,15k-30k,"带薪年假,福利多,办公环境好,氛围自由","['3', '5']","['15', '30']",18.75
北京数盾信息科技有限公司,数盾科技,50-150人,天使轮,丰台区,存储研发工程师-python,2.0,大专,8k-10k,"氛围好,领导好,核心产品,空间大","['1', '3']","['8', '10']",8.5
北京凯奇谷信息技术股份有限公司,凯奇谷,150-500人,上市公司,朝阳区,服务器端开发工程师（Python）,2.0,本科,10k-16k,牛人聚集 健身足疗按摩 餐补房补交通补,"['1', '3']","['10', '16']",11.5
北京奥鹏远程教育中心有限公司,慕课网,50-150人,不需要融资,海淀区,Python助教,2.0,本科,6k-8k,"空间无限大,领导好,团队优秀,团队氛围好","['1', '3']","['6', '8']",6.5
深圳市金证科技股份有限公司,金证股份,2000人以上,上市公司,朝阳区,python开发,4.0,大专,10k-15k,"上市公司,项目大,福利多多,周末双休","['3', '5']","['10', '15']",11.25
北京智融时代信息技术有限公司,智融集团,150-500人,C轮,海淀区,python研发工程师（抓取平台开发方向）,4.0,本科,20k-40k,六险一金、上升空间、弹性工作、优秀团队,"['3', '5']","['20', '40']",25.0
北京思维造物信息科技有限公司,罗辑思维,150-500人,D轮及以上,朝阳区,Python开发工程师,4.0,本科,25k-50k,"大咖云集,技术氛围好","['3', '5']","['25', '50']",31.25
北京陌陌科技有限公司,陌陌,500-2000人,上市公司,朝阳区,Java/Python开发工程师（19届）,0.0,本科,12k-24k,"每日下午茶,舒适的环境,可爱的伙伴",[],"['12', '24']",15.0
北京瑞友科技股份有限公司,北京瑞友,2000人以上,上市公司,海淀区,Python 工程师,4.0,本科,12k-16k,平台好,"['3', '5']","['12', '16']",13.0
青岛通产伟博大数据运营有限公司,青岛通产伟博大数据运营有限公司,15-50人,不需要融资,海淀区,Python工程师,2.0,本科,15k-30k,"Pytho,工程师,软件开发,Linux","['1', '3']","['15', '30']",18.75
深圳市金证科技股份有限公司,金证股份,2000人以上,上市公司,西城区,Python 开发工程师,4.0,本科,15k-17k,"金融央企,五险一金","['3', '5']","['15', '17']",15.5
小叶子（北京）科技有限公司,The ONE,150-500人,C轮,朝阳区,Python开发工程师,4.0,本科,20k-30k,"五险一金,交通补助,午晚餐","['3', '5']","['20', '30']",22.5
一点网聚科技有限公司,一点资讯,500-2000人,D轮及以上,朝阳区,Python开发工程师,2.0,本科,20k-40k,"弹性工作,发展空间大,千万级用户,行业独","['1', '3']","['20', '40']",25.0
北京闪银奇异科技有限公司,闪银奇异,500-2000人,D轮及以上,朝阳区,中高级Python开发,4.0,本科,18k-36k,"团队牛人多,年终奖丰厚,晋升调薪,全五险一金","['3', '5']","['18', '36']",22.5
上海理想信息产业（集团）有限公司,理想公司,150-500人,不需要融资,海淀区,云计算python研发工程师,4.0,本科,15k-25k,"云计算,私有云","['3', '5']","['15', '25']",17.5
北京奇安信科技有限公司,360企业安全,2000人以上,不需要融资,朝阳区,python开发工程师,4.0,本科,14k-26k,带薪年假 五险一金,"['3', '5']","['14', '26']",17.0
北京趣活科技有限公司,趣活美食送,2000人以上,D轮及以上,朝阳区,Python开发工程师,4.0,本科,10k-20k,iMac/无限零食水果/跟大牛共事/创业氛围,"['3', '5']","['10', '20']",12.5
微梦创科网络科技（中国）有限公司,新浪微博,2000人以上,上市公司,海淀区,python中高端开发工程师,2.0,本科,20k-40k,"产品重要,成长快,挑战多","['1', '3']","['20', '40']",25.0
北京智融时代信息技术有限公司,智融集团,150-500人,C轮,海淀区,高级Python开发工程师,4.0,本科,25k-45k,"优秀团队,科技金融,六险一金,工作居住证","['3', '5']","['25', '45']",30.0
北京音悦荚科技有限责任公司,音悦荚,50-150人,A轮,昌平区,Python技术经理,4.0,本科,18k-36k,"弹性工作,期权,加班福利,奖金","['3', '5']","['18', '36']",22.5
上海犇众信息技术有限公司,犇众信息,50-150人,天使轮,海淀区,Python开发工程师,2.0,本科,10k-15k,五险一金 商业医保 公司旅游 年度体检,"['1', '3']","['10', '15']",11.25
中亿互娱（北京）网络科技有限公司,中亿互娱,15-50人,不需要融资,海淀区,Python研发工程师,4.0,本科,9k-15k,事业单位,"['3', '5']","['9', '15']",10.5
创新奇智（北京）科技有限公司,创新奇智,50-150人,天使轮,海淀区,python开发工程师,4.0,本科,15k-30k,"免费零食,免费午餐,七险一金,不打卡","['3', '5']","['15', '30']",18.75
北京中谷金科信息技术有限公司,中谷金科,50-150人,B轮,通州区,高级python工程师,7.5,本科,18k-25k,"晋升快,人工智能,量化开发,五险一金","['5', '10']","['18', '25']",19.75
达内时代科技集团有限公司,达内集团,2000人以上,上市公司,海淀区,高级Python开发工程师,4.0,本科,15k-25k,"五险一金,周末双休,绩效奖金,上市公司","['3', '5']","['15', '25']",17.5
深圳市金证科技股份有限公司,金证股份,2000人以上,上市公司,朝阳区,python开发,4.0,大专,10k-20k,"上市公司,福利多多,项目大,五险一金","['3', '5']","['10', '20']",12.5
小立教育科技（北京）有限公司,小立教育,15-50人,天使轮,海淀区,Python开发工程师,0.0,本科,15k-25k,"交通方便,免费健身,发展空间大,团队氛围好",[],"['15', '25']",17.5
北京闪送科技有限公司,闪送,500-2000人,D轮及以上,海淀区,Python/web开发工程师,4.0,本科,10k-20k,"发展空间,福利优厚,带薪年假,弹性工作时","['3', '5']","['10', '20']",12.5
北京奥鹏远程教育中心有限公司,慕课网,50-150人,不需要融资,海淀区,python兼职讲师,7.5,大专,18k-36k,"时间自由,分成丰厚,持续分成","['5', '10']","['18', '36']",22.5
北京自造星球科技有限公司,牛顿Newton,50-150人,不需要融资,朝阳区,高级Python研发工程师,4.0,本科,15k-30k,"区块链,高成长","['3', '5']","['15', '30']",18.75
同方知网（北京）技术有限公司,知网,2000人以上,上市公司,海淀区,Python工程师,0.0,本科,7k-11k,"产品研发,数据库产品,待遇从优,前景广阔",[],"['7', '11']",8.0
北京朗势科技有限公司,tataUFO,50-150人,B轮,海淀区,高级Python工程师,4.0,本科,25k-35k,"8天年假,五险一金,扁平化管理,年终奖","['3', '5']","['25', '35']",27.5
智线云科技（北京）有限公司,ZingFront智线,50-150人,A轮,朝阳区,Python 中级工程师,4.0,本科,15k-25k,带薪年假+福利多+办公环境好+氛围自由开放,"['3', '5']","['15', '25']",17.5
柔持（北京）科技有限公司,柔持英语,150-500人,B轮,朝阳区,Python后端开发工程师,2.0,本科,20k-30k,"交通方便,弹性时间,不加班","['1', '3']","['20', '30']",22.5
上海速合信息科技有限公司,专业SAP咨询服务提供商,50-150人,未融资,海淀区,高级Python工程师,7.5,本科,40k-50k,"外企知名酒,酒店,酒店预订","['5', '10']","['40', '50']",42.5
北京链家房地产经纪有限公司立水桥北路店,链家,2000人以上,不需要融资,海淀区,Python高级开发,4.0,本科,50k-80k,"15薪,发展平台","['3', '5']","['50', '80']",57.5
永杨安风（北京）科技有限公司,LBE 科技,50-150人,B轮,朝阳区,资深Python工程师,7.5,本科,35k-45k,"移动互联网,绩效奖金,妹子多,国外团建","['5', '10']","['35', '45']",37.5
华风象辑（北京）气象科技有限公司,象辑科技,50-150人,B轮,海淀区,Python开发工程师,2.0,本科,10k-20k,高手如云的团队，带你成长带你飞~,"['1', '3']","['10', '20']",12.5
北京深海巨鲸信息科技有限公司,鲸媒体,15-50人,A轮,海淀区,资深Python 工程师,0.0,本科,22k-32k,"五险一金,员工福利,餐补,双休",[],"['22', '32']",24.5
北京搜狐新媒体信息技术有限公司,搜狐集团,2000人以上,上市公司,海淀区,狐友Python开发工程师,2.0,本科,20k-35k,"15天年假,弹性工作,成长空间大","['1', '3']","['20', '35']",23.75
互影科技（北京）有限公司,互影科技,15-50人,不需要融资,朝阳区,Python开发工程师,7.5,本科,15k-20k,"顶尖风投,快速爆发期,成长氛围好,年底双薪","['5', '10']","['15', '20']",16.25
清北华数教育科技（北京）有限公司,华罗庚网校,15-50人,天使轮,海淀区,python,2.0,本科,16K-20K,团队年轻，股票期权,"['1', '3']","['16', '20']",17.0
北京奥克巴尔科技有限公司,奥克巴尔,50-150人,B轮,东城区,python开发工程师,4.0,本科,20k-30k,"六险一金,团队棒,节日福利,定期体检","['3', '5']","['20', '30']",22.5
北京汇行科技有限公司,妙计旅行,150-500人,B轮,东城区,Python后端工程师-经理级,4.0,本科,15k-30k,"七险一金,14薪,晋升空间,部门负责人","['3', '5']","['15', '30']",18.75
瓦力必达科技（北京）有限公司,邻萌宝,50-150人,A轮,朝阳区,python开发工程师,4.0,本科,12k-22k,"行业最前沿
玩儿法最多
最接近用户","['3', '5']","['12', '22']",14.5
北京势在必行网络科技有限公司,币信,50-150人,不需要融资,海淀区,python开发工程师,2.0,大专,15k-30k,"年底双薪,午餐补助,休闲餐点,弹性工作","['1', '3']","['15', '30']",18.75
北京企名片科技有限公司,企名片,50-150人,A轮,海淀区,Python研发工程师,0.0,本科,7k-12k,"环境位置好,90后团队,技术成长快,待遇从优",[],"['7', '12']",8.25
北京墨云科技有限公司,墨云科技,15-50人,A轮,海淀区,Python后端开发工程师,4.0,本科,15k-30k,"五险一金,弹性工作,餐补,带薪年假","['3', '5']","['15', '30']",18.75
北京七彩焕腾科技有限公司,七彩焕腾,150-500人,B轮,朝阳区,架构师（Python）,7.5,本科,30k-40k,bat,"['5', '10']","['30', '40']",32.5
北京乐至道科技有限公司,天算delphy,15-50人,天使轮,海淀区,python,4.0,本科,8k-15k,五险一金，精英创业团队，互联网福利标配,"['3', '5']","['8', '15']",9.75
北京华影聚合电影科技有限公司,华影聚合,15-50人,不需要融资,海淀区,Python,4.0,本科,15k-25k,高效团队，立足电影行业，发展空间巨大,"['3', '5']","['15', '25']",17.5
北京多来点信息技术有限公司,哗啦啦,500-2000人,不需要融资,西城区,Python后端开发工程师,2.0,本科,15k-25k,五险一金 年终奖金 带薪年假 节日福利,"['1', '3']","['15', '25']",17.5
北京库神信息技术有限公司,库神,50-150人,A轮,海淀区,Python高级开发工程师,4.0,大专,13K-25K,高薪 扁平管理 六险一金,"['3', '5']","['13', '25']",16.0
北京完美创意科技有限公司,更美APP,150-500人,D轮及以上,朝阳区,Python后端开发工程师,2.0,本科,15k-30k,"弹性时间,技术大牛,公司旅游,福利齐全","['1', '3']","['15', '30']",18.75
北京创智优品科技有限公司,Zenjoy,150-500人,不需要融资,东城区,Python后台开发工程师,4.0,本科,15k-30k,"六险一金,年底双薪,出国旅行,包午晚餐","['3', '5']","['15', '30']",18.75
非凡维格（北京）信息科技有限公司,Weego Travel,50-150人,B轮,朝阳区,Python工程师-服务器端,2.0,本科,15k-30k,"国际产品,大牛亲带,带薪年假,开放办公","['1', '3']","['15', '30']",18.75
美景听听（北京）科技有限公司,美景听听App,15-50人,A轮,西城区,Python高级开发工程师,4.0,本科,15k-30k,"优秀团队,气氛活跃,扁平化管理","['3', '5']","['15', '30']",18.75
百融金融信息服务股份有限公司,百融金服,500-2000人,C轮,海淀区,高级python开发工程师,4.0,本科,20k-30k,六险一金,"['3', '5']","['20', '30']",22.5
星辰天合（北京）数据科技有限公司,XSKY,150-500人,C轮,海淀区,存储应用开发工程师-Java/GO/Python,4.0,本科,18k-35k,"完善福利,人性化管理,扁平化管理","['3', '5']","['18', '35']",22.25
北京聚微合智信息技术有限公司,聚微,50-150人,不需要融资,,Python,2.0,大专,12k-24k,弹性工作制，领导好，有前景，有奖金,"['1', '3']","['12', '24']",15.0
北京石云科技有限公司,石云科技,50-150人,不需要融资,海淀区,Python,0.0,本科,10k-20k,"蓝海市场,金融科技,大牛带队,奖金高",[],"['10', '20']",12.5
北京第三石科技发展有限公司,第三石科技,50-150人,B轮,朝阳区,Python开发工程师（校招）,0.0,本科,4k-8k,新锐的全球化移动电商平台,[],"['4', '8']",5.0
北京库神信息技术有限公司,库神,50-150人,A轮,海淀区,高级Python开发工程师,0.0,本科,14k-28k,"每日下午茶,领导好,过节福利",[],"['14', '28']",17.5
游尔（北京）机器人科技有限公司,游尔机器人,15-50人,天使轮,海淀区,python开发工程师,2.0,本科,10k-20k,"大牛多,待遇好,前景好,氛围好","['1', '3']","['10', '20']",12.5
北京中谷金科信息技术有限公司,中谷金科,50-150人,B轮,通州区,高级Python工程师,4.0,本科,15k-25k,"互联网金融,大数据,量化开发,自主性强","['3', '5']","['15', '25']",17.5
北京格灵深瞳信息技术有限公司,格灵深瞳,150-500人,C轮,海淀区,Python高级开发工程师&nbsp;,4.0,本科,15k-30k,"扁平化管理,不定期团建","['3', '5']","['15', '30']",18.75
北京图森智途科技有限公司,图森未来,150-500人,C轮,朝阳区,Python后端工程师,2.0,本科,15k-30k,"行业前沿,大牛云集,发展空间大,薪酬福利好","['1', '3']","['15', '30']",18.75
北京格上添富科技发展有限公司,格上添富,150-500人,不需要融资,朝阳区,Python应届毕业生,0.0,本科,5k-8k,弹性工作、水果零食,[],"['5', '8']",5.75
北京汇行科技有限公司,妙计旅行,150-500人,B轮,东城区,Python后端工程师,2.0,本科,12k-24k,"七险一金,晋升空间,14薪,提供三餐","['1', '3']","['12', '24']",15.0
博飞信息科技（上海）有限公司,博飞,15-50人,天使轮,朝阳区,云驱动Python开发工程师,4.0,本科,10k-20k,"地铁附近,扁平化管理,公司氛围好,股票期权","['3', '5']","['10', '20']",12.5
北京七彩焕腾科技有限公司,七彩焕腾,150-500人,B轮,朝阳区,高级python开发工程师,7.5,本科,25k-35k,bat,"['5', '10']","['25', '35']",27.5
上海裕木信息科技有限公司,裕木科技,50-150人,未融资,朝阳区,资深python工程师,7.5,本科,35K-70K,"行业前景好,顶级团队,薪资高,产品业绩好","['5', '10']","['35', '70']",43.75
北京中公教育科技股份有限公司,中公教育,2000人以上,未融资,海淀区,Python高级讲师,2.0,本科,10k-20k,"五险一金,绩效奖金,周末双休,免费午餐","['1', '3']","['10', '20']",12.5
北京百乘金科科技有限公司,百乘集团,2000人以上,上市公司,朝阳区,Python量化系统工程师,4.0,本科,20k-40k,"五险一金,绩效奖金,餐补,带薪年假","['3', '5']","['20', '40']",25.0
北京陌陌科技有限公司,陌陌,500-2000人,上市公司,朝阳区,Python高级/中级研发工程师,4.0,本科,20k-40k,"完善的福利,团队精湛,技术挑战","['3', '5']","['20', '40']",25.0
北京火币天下网络技术有限公司,火币网,150-500人,A轮,海淀区,python高级工程师,0.0,本科,20k-30k,"区块链行业,行业领头羊,团队优秀,牛人大拿",[],"['20', '30']",22.5
上海一起作业信息科技有限公司,一起科技,500-2000人,D轮及以上,朝阳区,Python内容库开发工程师（技术）,0.0,本科,15k-30k,"环境好,待遇高",[],"['15', '30']",18.75
北京棕榈创想科技有限公司,PALMAX,50-150人,A轮,海淀区,PHP ／Python 后端研发工程师,4.0,本科,15K-25K,"专业团队,五险一金,试用期全薪,年终奖","['3', '5']","['15', '25']",17.5
北京棣南新宇科技有限公司,棣南新宇,50-150人,不需要融资,海淀区,Python高级开发工程师,4.0,本科,15k-20k,"创造,实实在在,价值","['3', '5']","['15', '20']",16.25
混沌时代（北京）教育科技有限公司,混沌大学,150-500人,不需要融资,海淀区,python后台工程师,4.0,本科,20k-40k,"弹性工作,六险一金,学习氛围,绩效奖金","['3', '5']","['20', '40']",25.0
微梦创科网络科技（中国）有限公司,新浪微博,2000人以上,上市公司,海淀区,04537-数据系统开发工程师(Python),2.0,本科,20k-35k,大平台,"['1', '3']","['20', '35']",23.75
深圳晶泰科技有限公司,晶泰科技,50-150人,B轮,海淀区,Python后台开发,2.0,本科,10k-18k,"工作居住证,五险一金,带薪年假,MIT大牛","['1', '3']","['10', '18']",12.0
北京江山如画网路科技有限责任公司,江山如画网络科技,少于15人,天使轮,海淀区,python后端开发工程师,2.0,本科,10k-18k,"提供住宿,一日三餐,晋升空间,五险一金","['1', '3']","['10', '18']",12.0
北京慕华信息科技有限公司,学堂在线,150-500人,B轮,海淀区,中高级python工程师,2.0,大专,15k-30k,"氛围好,技术大牛,福利好","['1', '3']","['15', '30']",18.75
创盛视联数码科技（北京）有限公司,CC视频,150-500人,C轮,海淀区,Python架构师,7.5,本科,22k-35k,"福利好,氛围好,空间大","['5', '10']","['22', '35']",25.25
北京未来光合科技有限公司,未来光合,,,海淀区,Python高级软件工程师,4.0,本科,25K-35K,硅谷风格，水果饮料，股票期权，每月团建,"['3', '5']","['25', '35']",27.5
中云网安科技（北京）有限公司,中云网安,15-50人,A轮,朝阳区,资深python研发工程师,7.5,本科,28k-40k,"技术前沿,人工智能","['5', '10']","['28', '40']",31.0
北京闪银奇异科技有限公司,闪银奇异,500-2000人,D轮及以上,朝阳区,高级python开发工程师,7.5,本科,28k-45k,"七险一金,免费健身,年轻化,不打卡","['5', '10']","['28', '45']",32.25
达内时代科技集团有限公司,达内集团,2000人以上,上市公司,海淀区,Python高级开发工程师 (MJ003815),4.0,本科,15k-25k,"股权激励,上市平台,发展空间,大平台","['3', '5']","['15', '25']",17.5
北京陌陌科技有限公司,陌陌,500-2000人,上市公司,朝阳区,Python高级/中级研发工程师(安全方向),2.0,本科,20k-40k,"竞争力薪酬,完善的福利,技术氛围浓,平台提升大","['1', '3']","['20', '40']",25.0
北京果壳互动科技传媒有限公司,果壳网,150-500人,C轮,朝阳区,后端技术经理（Python web）,7.5,本科,20k-40k,"三餐,七险一金,海外游,核心团队","['5', '10']","['20', '40']",25.0
小叶子（北京）科技有限公司,The ONE,150-500人,C轮,朝阳区,高级Python,4.0,本科,20k-30k,"五险一金,交通补助,午晚餐","['3', '5']","['20', '30']",22.5
创新奇智（北京）科技有限公司,创新奇智,50-150人,天使轮,海淀区,中级python开发工程师,2.0,本科,15k-30k,"优质团队,商业资源,发展空间大","['1', '3']","['15', '30']",18.75
中益善源（北京）科技有限公司,中益善源,50-150人,不需要融资,朝阳区,数据平台研发（Python）工程师,4.0,本科,15k-25k,"五险一金,餐费补助,弹性工作,补充医疗","['3', '5']","['15', '25']",17.5
掌阅科技股份有限公司,掌阅,500-2000人,上市公司,朝阳区,Python研发工程师（数据）,2.0,本科,20k-30k,"上市公司,丰富福利,数据驱动,免费旅游","['1', '3']","['20', '30']",22.5
北京奇艺世纪科技有限公司,爱奇艺,2000人以上,上市公司,海淀区,Python高级开发工程师,4.0,本科,20k-40k,"互联网大厂,成长空间,超强团队,氛围浓厚","['3', '5']","['20', '40']",25.0
北京闪银奇异科技有限公司,闪银奇异,500-2000人,D轮及以上,朝阳区,Python开发工程师（校招）,0.0,本科,10k-15k,"七险一金,免费就餐,弹性工作,免费健身",[],"['10', '15']",11.25
北京奇虎科技有限公司,奇虎360,500-2000人,上市公司,朝阳区,高级Python工程师,4.0,本科,25k-50k,"团队大牛,福利优渥","['3', '5']","['25', '50']",31.25
北京世相科技文化有限公司,新世相,150-500人,B轮,朝阳区,大数据开发工程师【Python】,4.0,本科,15k-25k,"大咖多,氛围好","['3', '5']","['15', '25']",17.5
北京棕榈创想科技有限公司,PALMAX,50-150人,A轮,海淀区,Python开发工程师（广告产品）,2.0,本科,15k-20k,"技术新,高激励,试用期全薪","['1', '3']","['15', '20']",16.25
乐视网信息技术（北京）股份有限公司,乐融集团,2000人以上,上市公司,朝阳区,【2019校招】助理软件开发工程师（python),0.0,本科,10k-14k,"午餐补助,交通 补助,通讯补助,补充医疗",[],"['10', '14']",11.0
亚马逊卓越有限公司,Amazon,500-2000人,不需要融资,朝阳区,Python Developer,4.0,本科,25k-50k,"硅谷文化,产品影响力,团队大牛","['3', '5']","['25', '50']",31.25
北京智分科技有限公司,NewsJet,50-150人,不需要融资,海淀区,Python爬虫工程师,2.0,本科,20k-40k,"清华系,Geek范,年底多薪,股票期权","['1', '3']","['20', '40']",25.0
博飞信息科技（上海）有限公司,博飞,15-50人,天使轮,朝阳区,云迁移平台Python开发工程师,4.0,本科,10k-20k,"地铁附近,扁平化管理,公司氛围好,股票期权","['3', '5']","['10', '20']",12.5
柔持（北京）科技有限公司,柔持英语,150-500人,B轮,朝阳区,Python后端开发工程师,4.0,本科,25k-30k,"弹性打卡,五险一金,餐补,交通补助","['3', '5']","['25', '30']",26.25
达内时代科技集团有限公司,达内集团,2000人以上,上市公司,朝阳区,Python讲师 (MJ001577),7.5,本科,18k-30k,"五险一金,商业保险,股票期权","['5', '10']","['18', '30']",21.0
北京石云科技有限公司,石云科技,50-150人,不需要融资,海淀区,Python/Ruby,2.0,本科,15k-30k,"金融科技,新蓝海,牛人带队,年底双薪","['1', '3']","['15', '30']",18.75
会找房（北京）网络技术有限公司,会分期,150-500人,D轮及以上,海淀区,高级Python开发工程师(J10075),4.0,本科,15k-25k,14薪,"['3', '5']","['15', '25']",17.5
北京心跳时空科技有限公司,快爽,15-50人,A轮,朝阳区,Python 后端开发工程师,0.0,本科,25k-35k,"公司有橘猫,产研是核心,团队正面刚,不甩锅",[],"['25', '35']",27.5
北京石云科技有限公司,石云科技,50-150人,不需要融资,海淀区,Java/Python,0.0,大专,8k-16k,"弹性工作,领导好,奖金高,蓝海市场",[],"['8', '16']",10.0
北京好赞移动科技有限公司,nice,50-150人,C轮,朝阳区,高级python开发工程师,4.0,本科,25k-45k,"项目前景好,团队水平高,技能提升","['3', '5']","['25', '45']",30.0
北京彩彻区明科技有限公司,彩彻区明科技,15-50人,A轮,海淀区,高级Python工程师,4.0,本科,14k-20k,"年度双调薪,期权奖励,六险一金,主厨午餐","['3', '5']","['14', '20']",15.5
达内时代科技集团有限公司,达内集团,2000人以上,上市公司,海淀区,少儿编程Python讲师,7.5,本科,20k-30k,"五险一金,优秀团队,绩效奖金","['5', '10']","['20', '30']",22.5
创新奇智（北京）科技有限公司,创新奇智,50-150人,天使轮,海淀区,高级python开发工程师,4.0,本科,20k-40k,"发展空间大,优质团队","['3', '5']","['20', '40']",25.0
北京世纪好未来教育科技有限公司,好未来,2000人以上,上市公司,海淀区,Python后端架构师,7.5,本科,35k-70k,"上市公司,大牛团队,福利优厚,晋升空间大","['5', '10']","['35', '70']",43.75
北京优思安科技有限公司,积云教育,150-500人,A轮,昌平区,python中高级讲师,4.0,本科,15k-25k,"五险一金,餐补,节日福利,免费班车","['3', '5']","['15', '25']",17.5
北京弘合柏基金融信息服务有限责任公司,有利网,2000人以上,不需要融资,朝阳区,产品经理（数据方向 会R/Python）,2.0,本科,8k-12k,"试用全薪,平台空间,晋升发展,年假福利","['1', '3']","['8', '12']",9.0
北京健康有益科技有限公司,健康有益,50-150人,未融资,朝阳区,python后端高级开发工程师,4.0,本科,15k-30k,"薪酬,机会,福利","['3', '5']","['15', '30']",18.75
北京国双科技有限公司,Gridsum 国双,500-2000人,上市公司,海淀区,高级Python研发工程师（DevOps经验优先）,4.0,本科,15k-25k,"上市公司,大数据企业,年终奖金,带薪年假","['3', '5']","['15', '25']",17.5
北京豆网科技有限公司,豆瓣网,150-500人,C轮,朝阳区,后端工程师（Python）,4.0,本科,20k-35k,"五险一金,补充医疗","['3', '5']","['20', '35']",23.75
北京闪银奇异科技有限公司,闪银奇异,500-2000人,D轮及以上,朝阳区,高级服务器端Python工程师,4.0,本科,30k-45k,"六险一金,福利年假,自助午餐,技术大牛","['3', '5']","['30', '45']",33.75
成安（北京）科技发展有限公司,成安科技,15-50人,天使轮,朝阳区,高级Python开发工程师,4.0,本科,15k-30k,"五险一金,补贴补助,年底14薪,氛围好","['3', '5']","['15', '30']",18.75
北京心跳时空科技有限公司,快爽,15-50人,A轮,朝阳区,Python开发工程师（后端）,2.0,本科,20k-30k,"大牛坐镇,天花板高,协作效率高,成长力爆炸","['1', '3']","['20', '30']",22.5
博飞信息科技（上海）有限公司,博飞,15-50人,天使轮,朝阳区,云迁移平台Python开发高级工程师,7.5,本科,15k-30k,"地铁附近,扁平化管理,公司氛围好,股票期权","['5', '10']","['15', '30']",18.75
北京闪银奇异科技有限公司,闪银奇异,500-2000人,D轮及以上,朝阳区,web端Python开发工程师,2.0,本科,15k-30k,"七险一金,弹性工作,学习补贴,大牛云集","['1', '3']","['15', '30']",18.75
北京汇游科技有限公司,汇游科技,15-50人,不需要融资,朝阳区,Python爬虫工程师,4.0,本科,15k-20k,"五险一金,全勤奖,餐补,年终奖金","['3', '5']","['15', '20']",16.25
北京每日优鲜便利购电子商务有限公司,每日优鲜便利购,2000人以上,B轮,朝阳区,django/python高级研发工程师,4.0,本科,20k-35k,"平台开发,前后端全栈,自主性强,团队好","['3', '5']","['20', '35']",23.75
北京四个椰子信息技术有限公司,四个椰子,15-50人,不需要融资,海淀区,Python高级工程师,4.0,本科,20k-30k,技术精湛,"['3', '5']","['20', '30']",22.5
北京势在必行网络科技有限公司,币信,50-150人,不需要融资,海淀区,Python server端工程师,2.0,本科,20k-40k,"扁平化管理,午晚餐丰盛,团队氛围好","['1', '3']","['20', '40']",25.0
湖北橙家装饰工程有限公司,橙家装饰,50-150人,天使轮,海淀区,Python后端开发工程师,4.0,本科,20k-40k,"行业前沿,AI赋能,人工智能","['3', '5']","['20', '40']",25.0
深圳前海川谷信息技术有限公司,川谷金融科技,15-50人,天使轮,朝阳区,python算法工程师,2.0,本科,10k-20k,五险一金 优秀团队 带薪年假,"['1', '3']","['10', '20']",12.5
上海秘塔网络科技有限公司,秘塔科技,15-50人,天使轮,朝阳区,中高级 Python 工程师,2.0,本科,18k-30k,"大牛导师,专注技术,福利优厚","['1', '3']","['18', '30']",21.0
博飞信息科技（上海）有限公司,博飞,15-50人,天使轮,朝阳区,金融云平台Python开发工程师,4.0,本科,10K-20K,"弹性工作制,年底分红,期权奖励","['3', '5']","['10', '20']",12.5
联通大数据有限公司,联通大数据,50-150人,不需要融资,东城区,Python运维开发工程师,4.0,本科,15k-25k,"锻炼思维,能力提升,地铁站旁,扁平化管理","['3', '5']","['15', '25']",17.5
支付宝(杭州)信息技术有限公司,蚂蚁金服集团,2000人以上,B轮,朝阳区,研发专家-Java/Python/C++/Go北京,4.0,本科,25k-50k,"顶尖的团队,核心事业群,发展前景广","['3', '5']","['25', '50']",31.25
北京创源微致软件有限公司,创源微致,500-2000人,不需要融资,海淀区,python后端开发工程师,7.5,本科,20k-40k,"发展前景,丰厚年终奖,五险一金,良好氛围","['5', '10']","['20', '40']",25.0
北京阿丘科技有限公司,阿丘科技,50-150人,A轮,海淀区,后台开发工程师（Python）,0.0,本科,15k-30k,"大牛多,技术氛围好,福利好,前景广阔",[],"['15', '30']",18.75
北京闪银奇异科技有限公司,闪银奇异,500-2000人,D轮及以上,朝阳区,Python 数据开发工程师,4.0,本科,20k-40k,"六险一金,补充医疗,年底三薪,午餐自助","['3', '5']","['20', '40']",25.0
北京奇安信科技有限公司,360企业安全,2000人以上,不需要融资,朝阳区,后端开发专家（Python）,7.5,本科,20k-30k,"平台成熟,带薪年假,餐贴补助,五险一金","['5', '10']","['20', '30']",22.5
北京凯奇谷信息技术股份有限公司,凯奇谷,150-500人,上市公司,朝阳区,游戏研发工程师 （Python）（初级）,2.0,本科,6k-8k,给力的团队 领导好 弹性工作 免费吃喝,"['1', '3']","['6', '8']",6.5
北京云族佳科技有限公司,云沃客,150-500人,A轮,海淀区,python高级工程师-北京,7.5,大专,25k-40k,"绩效奖金,餐饮补贴,五险一金","['5', '10']","['25', '40']",28.75
北京微笑科技有限公司,微笑科技,50-150人,A轮,海淀区,Python 游戏服务端开发,2.0,本科,20k-25k,"五险一金,零食下午茶,中晚住家饭,定期团建","['1', '3']","['20', '25']",21.25
北京聚微合智信息技术有限公司,聚微,50-150人,不需要融资,海淀区,Java/Python（高级）,4.0,大专,20k-30k,"新蓝海,牛人带队,发展空间大,扁平化管理","['3', '5']","['20', '30']",22.5
北京开课吧科技有限公司,开课吧,500-2000人,C轮,海淀区,python讲师（全职、兼职都可）,7.5,本科,25k-45k,"弹性工作制,省外游","['5', '10']","['25', '45']",30.0
北京诸葛找房信息技术有限公司,诸葛找房网,150-500人,B轮,朝阳区,Python架构师,7.5,本科,30k-50k,"六险一金,住房补贴,节日福利,一日三餐","['5', '10']","['30', '50']",35.0
零氪信息技术（北京）有限公司,LinkDoc,500-2000人,D轮及以上,海淀区,高级python后端研发工程师,0.0,本科,26k-52k,"15薪,六险一金,午晚餐补助,弹性不打卡",[],"['26', '52']",32.5
北京国双科技有限公司,Gridsum 国双,500-2000人,上市公司,海淀区,资深DevOps研发工程师（Python/GO）,7.5,本科,20k-35k,"大数据企业,上市公司,年终奖金,带薪年假","['5', '10']","['20', '35']",23.75
北京通力互联技术服务有限公司,通力互联,2000人以上,不需要融资,海淀区,后端Python开发,0.0,本科,10k-15k,"大牛多,免费早晚餐,免费班车,领导好",[],"['10', '15']",11.25
在线途游（北京）科技有限公司,途游,150-500人,B轮,朝阳区,python服务器,4.0,本科,18k-35k,"千万级用户,工作氛围好,年终奖金,各种团","['3', '5']","['18', '35']",22.25
北京京东世纪贸易有限公司,京东集团,2000人以上,上市公司,朝阳区,高级Python研发工程师（机器学习业务方向）,0.0,本科,20k-40k,"平台大,机会多,待遇好,发展快",[],"['20', '40']",25.0
北京市海淀区八维计算机培训学校,北京八维研修学院,2000人以上,未融资,海淀区,Python项目经理,4.0,大专,20k-30k,五险一金，寒假，房补，饭补，节日福利,"['3', '5']","['20', '30']",22.5
北京优思安科技有限公司,积云教育,150-500人,A轮,昌平区,Python高级讲师,4.0,本科,20k-30k,"五险一金,餐补,周末双休,班车接送","['3', '5']","['20', '30']",22.5
北京金山云网络技术有限公司,金山云,500-2000人,D轮及以上,海淀区,运维开发工程师（监控系统，go/python）,4.0,本科,18k-35k,"行业前三,年终奖,不打卡,免费三餐","['3', '5']","['18', '35']",22.25
北京造数科技有限公司,造数,15-50人,A轮,朝阳区,Python爬虫工程师,2.0,本科,15k-30k,"技能培训,人工智能,股票期权,团队年轻","['1', '3']","['15', '30']",18.75
北京汇游科技有限公司,汇游科技,15-50人,不需要融资,朝阳区,中高级Python爬虫工程师,4.0,本科,20k-30k,"五险一金,餐补,全勤奖,年终奖金","['3', '5']","['20', '30']",22.5
北京闪银奇异科技有限公司,闪银奇异,500-2000人,D轮及以上,朝阳区,服务器端 Python 架构师,4.0,本科,25k-45k,"六险一金,补充医疗,福利年假,免费自助","['3', '5']","['25', '45']",30.0
恒爱高科（北京）科技有限公司,恒爱高科,15-50人,天使轮,海淀区,Python 后台工程师,1.0,本科,5k-10k,"潜力大,钱多,技术先进,有实力",['1'],"['5', '10']",6.25
北京易商迅达科技有限公司,易商迅达,15-50人,未融资,海淀区,985/211-JAVA/Python全栈中高级,7.5,本科,25k-50k,"发展潜力大,升值空间大,股权,产业链","['5', '10']","['25', '50']",31.25
本征投资（海南）有限公司,本征资本（EigenCapital）,15-50人,不需要融资,海淀区,高级Python量化工程师,4.0,本科,25k-50k,"高薪收入,内部培训,顶尖团队,弹性工作","['3', '5']","['25', '50']",31.25
北京灵犀联云科技有限公司,灵犀联云,50-150人,B轮,朝阳区,Python运维工程师,4.0,本科,15k-25k,"独立大量级,实践空间高,运维开发岗,运维开发岗","['3', '5']","['15', '25']",17.5
进化时代科技（北京）有限责任公司,进化时代,少于15人,A轮,海淀区,高级Python算法工程师,0.0,硕士,20k-40k,"数据驱动,人工智能,激励丰厚,七险一金",[],"['20', '40']",25.0
百融金融信息服务股份有限公司,百融金服,500-2000人,C轮,海淀区,高级python运维开发,4.0,本科,15k-30k,"带薪年假,绩效奖金,年底双薪,补充医疗","['3', '5']","['15', '30']",18.75
北京科达思教育科技有限公司,WeCode,15-50人,A轮,朝阳区,Python课程设计,2.0,本科,10k-20k,"13薪,年终奖,弹性工作,氛围好","['1', '3']","['10', '20']",12.5
北京联拓世纪管理咨询有限公司,联拓世纪,50-150人,未融资,海淀区,python/java高级后端开发工程师,4.0,本科,20k-40k,发展空间大。老板nice 弹性工作时间,"['3', '5']","['20', '40']",25.0
合一信息技术（北京）有限公司,合一信息技术（优酷）,500-2000人,上市公司,朝阳区,高级Python后端工程师,4.0,本科,25k-50k,"大牛多,成长快,专属福利","['3', '5']","['25', '50']",31.25
北京艺富科技有限公司,艺富,15-50人,未融资,昌平区,Python/C++算法工程师,2.0,本科,13k-25k,"五险一金,绩效奖金","['1', '3']","['13', '25']",16.0
联通大数据有限公司,联通大数据,50-150人,不需要融资,东城区,Python高级运维开发工程师,7.5,本科,15k-25k,"锻炼思维,偏平化管理,技能培训,地铁站旁","['5', '10']","['15', '25']",17.5
博易智软（北京）技术股份有限公司,博易智软,150-500人,上市公司,海淀区,数据挖掘/算法工程师(R或Python）,4.0,本科,15k-25k,"节日福利,餐补,年终奖,过节福利","['3', '5']","['15', '25']",17.5
上海清鹤科技股份有限公司,清鹤科技,150-500人,上市公司,昌平区,资深后台开发工程师（python/C/C++),7.5,本科,15k-25k,"老板nic,扁平化,团队活跃,年底奖金","['5', '10']","['15', '25']",17.5
北京粉笔未来科技有限公司,猿辅导,500-2000人,D轮及以上,朝阳区,python课程助教,2.0,本科,6k-9k,"发展空间大,福利待遇好,扁平管理,地铁周边","['1', '3']","['6', '9']",6.75
奇虎360科技有限公司,360,2000人以上,上市公司,朝阳区,Python高级服务端开发工程师,4.0,本科,30k-50k,"扁平化,职位空间大,薪资福利优,团队氛围好","['3', '5']","['30', '50']",35.0
北京挖优狗科技有限公司,挖优狗,少于15人,不需要融资,朝阳区,Python数据处理工程师,2.0,本科,10k-20k,"清华团队,金融科技,成长空间大,技术先进","['1', '3']","['10', '20']",12.5
博飞信息科技（上海）有限公司,博飞,15-50人,天使轮,朝阳区,云驱动Python开发高级工程师,7.5,本科,15k-30k,"地铁附近,扁平化管理,公司氛围好,股票期权","['5', '10']","['15', '30']",18.75
高德软件有限公司,阿里巴巴-高德,2000人以上,上市公司,朝阳区,python高级工程师/开发专家（共享出行）,4.0,本科,20k-40k,"阿里福利,工作氛围好","['3', '5']","['20', '40']",25.0
北京龙腾育才科技有限公司,龙腾育才,15-50人,未融资,,python讲师,7.5,大专,10K-15K,有底薪有提成,"['5', '10']","['10', '15']",11.25
北京三快在线科技有限公司,美团点评,2000人以上,D轮及以上,朝阳区,数据平台研发（Python）工程师,4.0,本科,25k-45k,"氛围好,平台大","['3', '5']","['25', '45']",30.0
北京蜜莱坞网络科技有限公司,映客,500-2000人,C轮,朝阳区,c++/Python/Go......,4.0,本科,30k-50k,"大牛多,成长快,六险一金,专属健身房","['3', '5']","['30', '50']",35.0
