公司全名,公司简称,公司规模,融资阶段,区域,职位名称,工作经验,学历要求,工资,职位福利
众安在线财产保险股份有限公司,众安保险,2000人以上,上市公司,黄浦区,Python开发工程师,3-5年,本科,16k-26k,"福利待遇好,上市公司,晋升机会多,扁平化管理"
上海基分文化传播有限公司,趣头条,500-2000人,上市公司,浦东新区,Python开发工程师,3-5年,大专,20k-35k,"平均15薪,餐补,六险一金"
即科金融信息服务（上海）有限公司,GeexFinance,150-500人,A轮,杨浦区,Python工程师,1-3年,本科,15k-30k,有挑战
上海进馨网络科技有限公司,纳米盒,150-500人,B轮,浦东新区,Python开发工程师,3-5年,本科,15k-30k,发展前景大、工作氛围好、技术牛人多
瞬联软件科技（北京）有限公司,瞬联软件科技（北京）有限公司,500-2000人,不需要融资,长宁区,Python软件开发工程师,1-3年,本科,10k-15k,"五险一金,带薪年假,弹性工作,氛围自由"
上海众言网络科技有限公司,问卷网@爱调研,150-500人,B轮,徐汇区,Python开发,3-5年,本科,15k-30k,"五险一金,季度旅游,生日会,带薪年假"
上海丫丫信息科技有限公司,妈妈帮,50-150人,不需要融资,浦东新区,Python开发工程师,不限,本科,13k-22k,"氛围活跃,技术团队,不打卡,福利赞"
上海大岂网络科技有限公司,MoSeeker仟寻,50-150人,B轮,徐汇区,Python工程师,1-3年,本科,10k-20k,"B轮,互联网,技术氛围好,超长年假"
上海道客网络科技有限公司,DAOCLOUD,150-500人,A轮,杨浦区,Python开发工程师,3-5年,本科,20k-40k,"15天年假,5天病假,年终多薪,公司前景"
上海谷露软件有限公司,谷露软件,50-150人,A轮,黄浦区,python工程师,不限,不限,20k-40k,"奖金,包两餐,期权,不加班"
蜜柚网络科技（上海）有限公司,musical.ly,150-500人,不需要融资,黄浦区,高级Python开发工程师,3-5年,本科,25k-50k,"大牛带你飞,零食不断,过亿用户"
竹间智能科技（上海）有限公司,竹间智能科技(上海)有限公司,150-500人,B轮,徐汇区,Python 开发工程师,不限,本科,20k以上,发展空间大 期权激励 弹性工作
智慧芽信息科技（苏州）有限公司,智慧芽,150-500人,D轮及以上,闸北区,高级Python开发工程师,3-5年,本科,20k-30k,"五险一金,外企,领导好,晋升快"
威比网络科技（上海）有限公司,TutorABC英语,2000人以上,C轮,虹口区,Python工程师,1-3年,本科,15k-20k,"五险一金,早餐水果,节日福利"
上海拍拍贷金融信息服务有限公司,拍拍贷,2000人以上,上市公司,浦东新区,Python工程师,3-5年,本科,20k-35k,"团队年轻,带薪年假,弹性工作,多次调薪"
上海众言网络科技有限公司,问卷网@爱调研,150-500人,B轮,徐汇区,Python开发师,3-5年,本科,15k-30k,"五险一金,季度旅游,节日福利,带薪年假"
上海海万信息科技股份有限公司,海万科技,500-2000人,不需要融资,浦东新区,Python/R程序开发,1-3年,本科,10k-15k,"年底双薪,节日礼金,体检旅游,五险一金"
上海速石信息科技有限公司,速石科技,少于15人,天使轮,杨浦区,高级资深python开发工程师,5-10年,本科,25k-40k,"团队氛围好,公司前景好,试用期全薪,福利待遇好"
上海互趣网络科技有限公司,Amino,50-150人,C轮,静安区,Java/Python资深开发工程师,5-10年,本科,35k-70k,"团队牛人多,技术驱动,硅谷文化,期权激励"
瞬联软件科技（北京）有限公司,瞬联软件科技（北京）有限公司,500-2000人,不需要融资,长宁区,python开发工程师,不限,本科,10k-20k,五险一金、弹性工作制、带薪年假、内部培训
蜜柚网络科技（上海）有限公司,musical.ly,150-500人,不需要融资,黄浦区,Python开发实习生 - 短视频方向,应届毕业生,本科,4k-8k,"大牛带你飞,零食吃不完,过亿用户量,房补餐补"
深圳平安综合金融服务有限公司,平安金服,2000人以上,上市公司,浦东新区,Python开发,3-5年,本科,15k-30k,"平台大,福利好,发展快"
上海数禾信息科技有限公司,还呗-智能信贷领先者,150-500人,不需要融资,浦东新区,Python 高级开发工程师,3-5年,本科,15k-30k,"移动金融,未来金矿,精英团队,助力成长"
上海幻电信息科技有限公司,哔哩哔哩,2000人以上,上市公司,杨浦区,Python开发工程师,1-3年,本科,15k-30k,"氛围好,发展快,领导好,空间大"
上海齐家网信息科技股份有限公司,齐家网,2000人以上,上市公司,嘉定区,高级Python开发工程师,3-5年,大专,15k-30k,行业发展前景好 公司行业领先 晋升机会多
耘智信息科技（上海）有限公司,Seedlink,15-50人,A轮,静安区,Django/Python/后端开发,3-5年,本科,20k-35k,发展前景好、学习发展快
上海合合信息科技发展有限公司,名片全能王,150-500人,C轮,静安区,Python开发实习生,应届毕业生,本科,4k-6k,"大数据,人工智能,转正机会"
上海谷露软件有限公司,谷露软件,50-150人,A轮,黄浦区,python工程师（2019校园招聘）,应届毕业生,本科,15k-20k,"五险一金,包两餐,13薪,奖金多"
上海彩亿信息技术有限公司,有鱼金融科技,500-2000人,不需要融资,徐汇区,Python开发,3-5年,本科,14k-26k,"行业前三,亿级平台,极客团队,无限发挥"
北京三快在线科技有限公司,美团点评,2000人以上,D轮及以上,长宁区,智能监控开发工程师 Java/C++/Python,3-5年,本科,28k-48k,"团队发展快,晋升机会多"
上海众言网络科技有限公司,问卷网@爱调研,150-500人,B轮,徐汇区,高级python开发工程师,3-5年,本科,15k-30k,"晋升机制,上市激励,福利多多,五险一金"
上海海万信息科技股份有限公司,海万科技,500-2000人,不需要融资,浦东新区,python,3-5年,本科,8k-15k,"五险一金,过节福利,生日礼金,旅游、体检"
上海游族信息技术有限公司,游族网络,500-2000人,上市公司,徐汇区,python开发工程师,不限,不限,15k-30k,"工作氛围好,专业培训,发展空间大,上市公司"
上海拍拍贷金融信息服务有限公司,拍拍贷,2000人以上,上市公司,浦东新区,Python资深专家,5-10年,本科,30k-40k,"团队年轻,带薪年假,弹性工作,发展空间大"
上海诺誉投资管理有限公司,诺誉投资,150-500人,B轮,浦东新区,python后端高级工程师,5-10年,本科,30k-40k,项目开始
上海思华科技股份有限公司,思华科技,150-500人,D轮及以上,浦东新区,Python工程师,3-5年,本科,18K-35K,弹性上班，培训机会，补充医疗，核心团队
上海汇付数据服务有限公司,汇付,500-2000人,C轮,徐汇区,运维开发工程师（Python）,1-3年,本科,14k-18k,"技术氛围好,工作环境好,福利多"
上海玖恬网络科技有限公司,玖恬科技,少于15人,不需要融资,浦东新区,Python 程序员,3-5年,不限,10k-20k,前景好
耘智信息科技（上海）有限公司,Seedlink,15-50人,A轮,静安区,Django/Python/后端开发,3-5年,本科,20k-35k,发展前景好、学习发展快
上海数旦信息技术有限公司,数旦信息,15-50人,A轮,徐汇区,Python开发工程师,1-3年,本科,9k-14k,"五险一金,股票期权,年终奖金,员工旅游"
上海创远教育科技有限公司,职晓,50-150人,B轮,静安区,Python开发工程师,1-3年,本科,10k-15k,"团队氛围好,周末双休,五险一金,弹性年假"
互道信息技术（上海）有限公司,NextTao 互道信息,50-150人,B轮,浦东新区,Python工程师,3-5年,本科,18k-35k,"技术前沿,大数据平台"
魔珐（上海）信息科技有限公司,Xmov,15-50人,天使轮,徐汇区,Python后端开发工程师,3-5年,本科,15k-30k,"明星团队,顶级风投,人工智能,扁平管理"
上海懿天网络科技有限公司,Versa,15-50人,A轮,徐汇区,Python研发工程师,1-3年,不限,15k-25k,"AI,扁平化,弹性工作,交通方便"
优维科技（深圳）有限公司,优维科技,50-150人,B轮,浦东新区,Python开发工程师（上海驻场）,1-3年,本科,13k-15k,"五险一金,带薪年假,股权激励,腾讯背景"
上海众言网络科技有限公司,问卷网@爱调研,150-500人,B轮,徐汇区,Python资深开发,3-5年,本科,12k-24k,"带薪年假,股票期权,下午茶,季度旅游"
上海游族信息技术有限公司,游族网络,500-2000人,上市公司,徐汇区,资深python开发工程师,3-5年,不限,15k-25k,"工作氛围好,发展空间大,专业培训,各种团建"
上海慧鸿国际贸易有限公司,慧鸿,50-150人,不需要融资,浦东新区,python开发工程师,3-5年,本科,15k-25k,"公司规模大,扁平管理,技术能力强,薪资待遇好"
上海泛微网络科技股份有限公司,泛微,2000人以上,上市公司,闵行区,运维工程师（Python）,1-3年,本科,8k-13k,"半年调薪,福利待遇佳,免费三餐"
上海彩亿信息技术有限公司,有鱼金融科技,500-2000人,不需要融资,徐汇区,Python开发,应届毕业生,本科,6k-12k,"行业前三,金融科技,极客团队,不加班"
思满软件科技（上海）有限公司,思满科技,15-50人,不需要融资,徐汇区,Python,1-3年,本科,15K-30K,US Culture
上海数旦信息技术有限公司,数旦信息,15-50人,A轮,徐汇区,Python开发高级工程师,3-5年,本科,15k-30k,"年终奖金,五险一金,股票期权,员工旅游"
全美在线（北京）教育科技股份有限公司,ATA,500-2000人,上市公司,浦东新区,python开发工程师,1-3年,本科,10k-15k,架构设计
上海坤亿信息技术有限公司,坤亿科技,50-150人,不需要融资,浦东新区,Python开发工程师,1-3年,本科,8k-11k,"五险一金,周末双休,绩效奖金,弹性工作"
易玩（上海）网络科技有限公司,TapTap,50-150人,B轮,闸北区,python后端,3-5年,本科,20k-40k,薪资丰厚 年度旅游 氛围轻松
上海斗象信息科技有限公司,斗象科技,50-150人,B轮,浦东新区,高级Python后端研发工程师,3-5年,本科,15k-30k,互联网公司，弹性上班，带薪年假，期权激励
南昌力武田电子商务有限公司,力武田,少于15人,不需要融资,虹口区,Python技术经理,3-5年,不限,20k-30k,"薪资待遇好,项目稳定,回报优良"
上海健野信息科技有限公司,健野科技,少于15人,未融资,浦东新区,Python开发,3-5年,大专,11k-17k,"股权激励,大神辅导,股票期权,弹性工作"
贝壳金科控股有限公司,贝壳金服,500-2000人,未融资,黄浦区,python开发工程师,不限,本科,25k-50k,"福利好,平台大,牛人多"
深圳市拓保软件有限公司上海分公司,拓保软件,500-2000人,不需要融资,浦东新区,Python开发工程师,1-3年,大专,10k-20k,"五险一金,大平台"
上海齐家网信息科技股份有限公司,齐家网,2000人以上,上市公司,嘉定区,Python工程师,3-5年,本科,15k-30k,"上市公司,待遇好,上升空间大"
上海海万信息科技股份有限公司,海万科技,500-2000人,不需要融资,浦东新区,Python后台开发,3-5年,本科,10k-16k,"五险一金,体检旅游,年终奖金,节日礼金"
携程计算机技术（上海）有限公司,携程,2000人以上,上市公司,长宁区,Python开发工程师,3-5年,本科,15k-25k,跟优秀的团队一起工作
上海享衣信息科技有限公司,好搭（虚拟试衣）,15-50人,天使轮,宝山区,资深Python开发工程师,3-5年,本科,22k-30k,"扁平管理,弹性工作,周末双休,每周按摩"
上海树融数据科技有限公司,树融科技,15-50人,天使轮,杨浦区,后端开发工程师（Python）,1-3年,本科,15k-25k,"扁平化管理,学习氛围,平衡快乐"
千言信息技术（上海）有限公司,italki,50-150人,A轮,黄浦区,Python工程师（中级）,3-5年,本科,10k-15k,"全球用户,在线教育,国际团队,福利满分"
上海睿畜电子科技有限公司,睿畜科技,15-50人,天使轮,嘉定区,Python 工程师,1-3年,本科,8k-15k,"五险一金,下午茶福利,年轻团队,高级自助餐"
上海数旦信息技术有限公司,数旦信息,15-50人,A轮,徐汇区,Python开发实习生,应届毕业生,本科,5k-6k,"转正机会,免费零食,旅游,学习机会多"
深圳市房多多网络科技有限公司,房多多,2000人以上,C轮,闸北区,Python研发工程师,1-3年,本科,15k-30k,平台好，发展广阔，技术大牛多
畅想互娱（北京）科技有限公司广州分公司,畅想互娱,50-150人,上市公司,闵行区,Python开发工程师,3-5年,大专,11k-17k,"项目开发,后端"
阿基米德（上海）传媒有限公司,阿基米德fm,50-150人,B轮,长宁区,python高级大数据开发工程师,3-5年,本科,15k-30k,"福利好,学习机会多,补充公积金,商业保险"
便利蜂商贸有限公司,便利蜂,2000人以上,不需要融资,闵行区,python开发,1-3年,本科,15k-25k,"技术大牛,扁平管理,人工智能,弹性工作"
上海梅花信息有限公司,梅花网,50-150人,不需要融资,长宁区,Python开发工程师,1-3年,大专,8k-15k,"绩效奖金,周末双休,节日福利,轻松氛围"
上海舒加网络科技有限公司,舒加网络,15-50人,不需要融资,闵行区,Python开发工程师,1-3年,本科,10k-15k,"Linux,爬虫,内容抓取"
上海炫体信息科技有限公司,雷速体育,50-150人,不需要融资,虹口区,Python,3-5年,本科,15k-25k,轻松办公环境、无限零食、桌球、乒乓球
上海宏路数据技术股份有限公司,Hypers,50-150人,上市公司,虹口区,Python开发工程师,不限,不限,7k-14k,扁平化 成长快 氛围好
行吟信息科技（上海）有限公司,小红书,500-2000人,D轮及以上,黄浦区,Python开发工程师,1-3年,本科,20k-40k,"六险一金,年底多薪,租房补贴,发展空间大"
上海睿畜电子科技有限公司,睿畜科技,15-50人,天使轮,嘉定区,Python 工程师,应届毕业生,本科,3k-6k,"五险一金,下午茶福利,高级自助餐,带薪年假"
南昌力武田电子商务有限公司,力武田,少于15人,不需要融资,虹口区,Python高级开发工程师,3-5年,不限,20k-30k,"薪资待遇好,项目稳定,回报优良"
飞榴（上海）信息科技有限公司,飞榴科技,15-50人,A轮,浦东新区,Python开发工程师,1-3年,本科,15k-30k,"技术挑战大,团队协作好,工作环境佳,个人成长快"
上海炫体信息科技有限公司,雷速体育,50-150人,不需要融资,虹口区,Python后端开发工程师,3-5年,本科,15k-25k,"年轻人,各种补助"
上海树融数据科技有限公司,树融科技,15-50人,天使轮,杨浦区,Python开发工程师（API接口开发）,1-3年,本科,15k-25k,"扁平化管理,学习氛围浓,大牛多"
瞬联软件科技（北京）有限公司,瞬联软件科技（北京）有限公司,500-2000人,不需要融资,长宁区,【​Ericsson】AAT Python/Go,不限,本科,10k-20k,"500强,外企氛围好,弹性工作,培训丰富"
亿可能源科技（上海）有限公司,亿可能源,50-150人,A轮,杨浦区,Python,3-5年,本科,15k-30k,技术大牛
北京字节跳动科技有限公司,字节跳动,2000人以上,C轮,徐汇区,资深Python研发工程师-产品变现,3-5年,本科,25k-40k,高薪期权，弹性工作，免费三餐，租房补贴
沪江教育科技（上海）股份有限公司,沪江,500-2000人,D轮及以上,浦东新区,Python后端开发工程师 (MJ001090),1-3年,大专,15k-30k,"互联网教育,团队牛,氛围佳,弹性办公"
上海朋数信息科技有限公司,朋数,150-500人,B轮,虹口区,Python数据开发,1-3年,本科,10k-15k,"带薪年假,定期体检,团队建设,氛围好"
北京京东世纪贸易有限公司,京东集团,2000人以上,上市公司,长宁区,Python资深开发工程师,5-10年,本科,25k-50k,"平台大,前景好,福利高,待遇好"
上海彩亿信息技术有限公司,有鱼金融科技,500-2000人,不需要融资,徐汇区,运维开发（python）,3-5年,本科,15k-28k,"行业前三,亿级平台,极客团队,无限发挥"
上海我图网络科技有限公司,韩创科技,500-2000人,不需要融资,浦东新区,Python兼职,3-5年,本科,2k-3k,"时间自由,无需坐班"
上海炫体信息科技有限公司,雷速体育,50-150人,不需要融资,虹口区,Python（年轻人的狂欢）,1-3年,本科,12k-20k,轻松办公环境、无限零食、桌球、乒乓球
极翼机器人（上海）有限公司,极翼无人机,50-150人,A轮,浦东新区,python开发工程师,3-5年,本科,10k-20k,"mysql,redis,pytho"
上海彩亿信息技术有限公司,有鱼金融科技,500-2000人,不需要融资,徐汇区,运维开发（python方向）,1-3年,本科,12k-24k,"亿级平台,行业前三,准上市公司,无限发挥"
上海莉莉丝科技股份有限公司,莉莉丝游戏,150-500人,不需要融资,闵行区,Python高级开发工程师,3-5年,本科,15k-25k,"零食饮料,五险一金,年终奖,境外团结"
阵印网络科技（上海）有限公司,阵印网络科技（上海）有限公司,15-50人,天使轮,长宁区,Python 后端开发工程师,3-5年,本科,20k-40k,弹性工作
上海数饮实业有限公司,爱零工,50-150人,B轮,浦东新区,Python开发,1-3年,本科,8k-15k,"五险一金,带薪年假,定期体检,团建活动"
上海思勰投资管理有限公司,思勰投资,15-50人,不需要融资,浦东新区,python开发工程师,不限,本科,12k-24k,"领导好,福利好,发展空间大,五险一金"
上海医时信息科技有限公司,上海医时,50-150人,A轮,闵行区,Python开发工程师,1-3年,本科,8k-15k,"年终绩效,股票期权,技能培训,岗位晋升"
浚皙商务咨询（上海）有限公司,vonvon,少于15人,不需要融资,长宁区,急聘python工程师,3-5年,本科,15k-25k,"不加班,环境轻松,零食无限量,国内外旅行"
上海宁澄实业有限公司,宁澄实业,50-150人,未融资,浦东新区,python工程师,不限,不限,8k-15k,"双休,旅游,交金,工作氛围好"
上海辰沅金融信息服务有限公司,辰沅金融,15-50人,A轮,浦东新区,Python高级开发工程师,1-3年,本科,15k-30k,"公司环境好,牛人聚集地,扁平化管理,晋升空间大"
再惠（上海）网络科技有限公司,再惠网络,500-2000人,B轮,长宁区,Python开发工程师,1-3年,本科,15k-30k,硅谷文化；免费餐饮；期权激励；
拉扎斯网络科技（上海）有限公司,饿了么,2000人以上,D轮及以上,普陀区,Python高级开发工程师,3-5年,本科,15k-30k,团队好玩 快速成长 Aeron椅 标配MBP
威廉欧奈尔信息科技（上海）有限公司,威廉欧奈尔中国,15-50人,未融资,浦东新区,Python软件开发工程师,1-3年,本科,8k-15k,"五险一金,周末双休,定期体检,下午茶"
平安科技（深圳）有限公司,平安科技,2000人以上,不需要融资,浦东新区,Python开发工程师（上海）,不限,本科,15k-30k,世界50强 节日福利 绩效丰厚
上海炫体信息科技有限公司,雷速体育,50-150人,不需要融资,虹口区,Python（年轻人的狂欢）,1-3年,本科,12k-20k,"五险一金,氛围佳,年度旅游,福利好"
中传众悦(上海)企业发展有限公司,中传众悦,50-150人,不需要融资,浦东新区,Python,1-3年,不限,10k-20k,"带薪年假,发展空间大,岗位晋升"
上海云深网络技术有限公司,云深网络,15-50人,A轮,浦东新区,Python开发工程师,1-3年,本科,7k-14k,福利多多
上海坤亿信息技术有限公司,坤亿科技,50-150人,不需要融资,浦东新区,python 开发工程师,1-3年,本科,7k-10k,"弹性工作,办公环境好,福利好,500强"
上海中软华腾软件系统有限公司,上海中软华腾软件系统有限公司,2000人以上,上市公司,浦东新区,python开发,3-5年,本科,10k-18k,"公积金全额,年终奖,平台,大牛"
沪江教育科技（上海）股份有限公司,沪江,500-2000人,D轮及以上,浦东新区,Python后端开发工程师 (MJ000606),3-5年,本科,15k-30k,互联网教育独角兽 上市前夕 团队牛
平安科技（深圳）有限公司,平安科技,2000人以上,不需要融资,浦东新区,Python开发工程师（上海）,不限,本科,10k-15k,公司发展前景好，福利待遇好
上海辰沅金融信息服务有限公司,辰沅金融,15-50人,A轮,浦东新区,Python高级工程师,1-3年,本科,15k-30k,"公司环境好,牛人聚集地,扁平化管理,晋升空间大"
上海量讯电子商务有限公司,UPAPP,15-50人,未融资,徐汇区,Python软件开发工程师,1-3年,本科,7k-13k,"物联网,牛人指导,晋升空间大,14薪"
宏居网络技术（上海）有限公司,Juwai,50-150人,B轮,虹口区,Python开发／后端软件工程师.,5-10年,本科,20k-30k,氛围好
上海寻梦信息技术有限公司,拼多多,2000人以上,上市公司,长宁区,高级Python开发工程师,1-3年,本科,20k-40k,"福利好,大牛多,成长快"
上海易路软件有限公司,易路,50-150人,A轮,闵行区,Python高级开发工程师,3-5年,本科,15k-20k,弹性工作，带薪年假，股权激励机会。
上海魔芋网络科技有限公司,性能魔方,50-150人,上市公司,黄浦区,python开发工程师,1-3年,本科,15k-25k,"牛人多,技术驱动,发展前景好"
上海小零网络科技有限公司,上海小零网络科技有限公司爱零工,50-150人,B轮,浦东新区,Python开发,1-3年,本科,8k-15k,"五险一金,带薪年假,定期体检,团建活动"
上海担路网络科技有限公司,担路网,15-50人,未融资,松江区,Python工程师-SEO经验者优先,不限,本科,6k-12k,"年轻团队,年终分红,晋升空间大,待遇从优"
北京量子金服网络科技有限公司,量子金服,50-150人,B轮,浦东新区,Python研发工程师,3-5年,本科,15k-30k,"金融,统计"
上海亦存网络科技有限公司,坚果云,50-150人,不需要融资,浦东新区,高级Python开发,3-5年,本科,20k-40k,"技术大牛,团队氛围好,扁平管理"
上海图尚影像科技有限公司,图超市,150-500人,B轮,徐汇区,Python,1-3年,本科,20k-40k,Pytho
上海佰颂物联网科技有限公司,佰颂,15-50人,A轮,闵行区,python开发工程师,1-3年,本科,10k-20k,"五险一金,晋升空间,扁平管理,周末双休"
北京字节跳动科技有限公司,字节跳动,2000人以上,C轮,黄浦区,高级Python开发工程师,3-5年,本科,25k-50k,六险一金，餐补，租房补贴，带薪休假，休闲下午茶，过亿用户，职业大牛，团队氛围好，优厚薪资
上海寰享网络科技有限公司,ELICO-CORP,15-50人,未融资,长宁区,Python开发/Odoo开发,1-3年,大专,10k-20k,Python
上海帛钥智能科技有限公司,帛钥智能,少于15人,天使轮,浦东新区,Python高级开发工程师,5-10年,大专,15k-25k,"朝气团队,积极氛围,快乐工作,福利补贴"
上海易路软件有限公司,易路,50-150人,A轮,,Python中级开发工程师,1-3年,本科,10k-18k,高薪福利，弹性工作，五险一金
千言信息技术（上海）有限公司,italki,50-150人,A轮,黄浦区,初级 Python工程师,1-3年,本科,8k-12k,"全球用户,在线教育,国际团队,福利满分"
上海坤亿信息技术有限公司,坤亿科技,50-150人,不需要融资,浦东新区,Python（Tools Dev）,3-5年,本科,15k-22k,"五险一金,周末双休,绩效奖金,带薪年假"
上海邻我信息技术有限公司,邻我科技,少于15人,天使轮,徐汇区,Python开发工程师,不限,大专,4k-7k,关注成长
上海触乐信息科技有限公司,触宝,150-500人,上市公司,徐汇区,后端开发工程师（Python）,1-3年,本科,15k-25k,"业内独角兽,团队扁平,水果下午茶"
上海宏原信息科技有限公司,MarcPoint,15-50人,A轮,徐汇区,Python中级开发工程师,1-3年,本科,9k-18k,"优秀团队,快速成长,弹性工作,零食饮料"
北京来也网络科技有限公司,助理来也,50-150人,B轮,徐汇区,Python开发工程师,3-5年,本科,15k-30k,"发展空间,大牛交流,五险一金,福利补贴"
上海安则信息科技有限公司,上海安则,50-150人,未融资,松江区,Python,1-3年,大专,10k-20k,数据库
北京字节跳动科技有限公司,字节跳动,2000人以上,C轮,黄浦区,高级Python开发工程师--抖音上海,3-5年,本科,25k-50k,六险一金，弹性工作，免费三餐，租房补贴，带薪休假，休闲下午茶，扁平管理，过亿用户，职业大牛，晋升空间，团队氛围好，优厚薪资
上海联元智能科技有限公司,联元智能科技,50-150人,A轮,闵行区,Python开发工程师,1-3年,本科,10k-20k,"补充公积金,绩效奖金,弹性工作"
亚创（上海）工程技术有限公司,亚创,150-500人,不需要融资,长宁区,Python开发工程师,3-5年,本科,10k-20k,"做五休二,带薪年假,免费体检,13薪"
亿可能源科技（上海）有限公司,亿可能源,50-150人,A轮,杨浦区,高级Python开发,5-10年,本科,25k-35k,"部门负责人,核心成员"
浚皙商务咨询（上海）有限公司,vonvon,少于15人,不需要融资,长宁区,Python,3-5年,本科,15k-25k,工作环境轻松，不加班，零食无限量供应。
上海触乐信息科技有限公司,触宝,150-500人,上市公司,徐汇区,高级数据平台开发工程师-Python方向,3-5年,本科,25k-40k,"美股上市,牛人指导,福利待遇佳"
上海衣脉信息科技有限公司,衣脉科技,50-150人,B轮,宝山区,高级Python工程师,5-10年,本科,20k-40k,"周末双休,弹性时间,带宠物上班,扁平化管理"
上海烨睿信息科技有限公司,虎博科技,50-150人,A轮,长宁区,高级Python开发工程师,3-5年,本科,16k-32k,"硅谷大牛,股权激励,绩效奖金,弹性工作"
上海婀娜信息科技有限公司,Queen女王,15-50人,天使轮,松江区,Python开发,1-3年,本科,10k-20k,"潜力项目,优秀团队,周末双休,撸猫撸狗"
上海云盾信息技术有限公司,云盾,50-150人,A轮,闵行区,Python/Java/Php/GO 开发工程师,应届毕业生,本科,5k-10k,"90团队,技术氛围好,单纯无斗争,学习型团队"
上海铂淼信息科技有限公司,铂淼,15-50人,未融资,徐汇区,高级Python开发工程师（18-30K+期权）,3-5年,本科,18k-30k,"高薪,期权"
上海中软华腾软件系统有限公司,上海中软华腾软件系统有限公司,2000人以上,上市公司,浦东新区,Python开发（工具类技术开发，浦东广兰路）,3-5年,本科,12k-20k,"项目奖金,年终奖,全额公积金"
上海医时信息科技有限公司,上海医时,50-150人,A轮,闵行区,高级Python研发工程师,5-10年,本科,15k-25k,"股票期权,岗位晋升,职业发展,弹性福利"
上海一条网络科技有限公司,一条视频,150-500人,C轮,徐汇区,Python后台工程师,1-3年,本科,8k-12k,"短视频,电商,13薪"
上海辰沅金融信息服务有限公司,辰沅金融,15-50人,A轮,浦东新区,Python资深工程师,1-3年,本科,15k-30k,"公司环境好,扁平化管理,牛人聚集地,晋升空间大"
浚皙商务咨询（上海）有限公司,vonvon,少于15人,不需要融资,长宁区,急聘python攻城狮,3-5年,本科,15k-25k,"不加班,环境轻松,零食无限量,出国旅行"
上海触乐信息科技有限公司,触宝,150-500人,上市公司,徐汇区,后端开发工程师（Python）,3-5年,本科,25k-45k,"行业独角兽,牛人团队,环境极客,福利待遇佳"
北京奇艺世纪科技有限公司,爱奇艺,2000人以上,上市公司,长宁区,Python高级开发工程师,3-5年,本科,20k-30k,创新的就业平台
上海牛咖信息科技有限公司,牛咖,15-50人,A轮,普陀区,python高级开发工程师,1-3年,本科,10k-20k,"技术大牛,弹性工作,领导耐撕,奖金丰厚"
上海寰享网络科技有限公司,ELICO-CORP,15-50人,未融资,长宁区,Python中级/Odoo开发,1-3年,大专,10k-20k,Python
再惠（上海）网络科技有限公司,再惠网络,500-2000人,B轮,长宁区,高级python工程师,5-10年,本科,20k-40k,"免费参与,业界大牛,弹性工作"
恒羿网络科技（上海）有限公司,Glow,15-50人,B轮,黄浦区,Python后端开发工程师,1-3年,本科,15k-30k,"产品优秀,团队出色,硅谷背景,注重技术"
明码 (上海) 生物科技有限公司,WuXiNextCODE,50-150人,上市公司,浦东新区,Python Developer,3-5年,本科,15k-30k,"平台大,奖金"
上海闵行区青悦环保信息技术服务中心,上海青悦,少于15人,不需要融资,松江区,"python,微信小程序实习开发工程师",不限,不限,3k-5k,"直接上手,实际经验,自由度大"
上海彩亿信息技术有限公司,有鱼金融科技,500-2000人,不需要融资,徐汇区,python后端开发,应届毕业生,硕士,6k-12k,"行业前三,金融科技,即将上市,无限成长"
互道信息技术（上海）有限公司,NextTao 互道信息,50-150人,B轮,浦东新区,架构师(Python技术架构),5-10年,本科,20k-40k,"技术前沿,大数据平台,人工智能,商业+技术"
上海泛微网络科技股份有限公司,泛微,2000人以上,上市公司,闵行区,运维工程师（python自动化运维）,1-3年,本科,7k-12k,"绩效奖金,三餐福利,半年调薪,上市公司"
深圳狗尾草智能科技有限公司,狗尾草智能科技,150-500人,A轮,静安区,高级Python工程师,3-5年,本科,15k-30k,"氛围好,福利优,牛人多,成长快"
升宝节能技术（上海）有限公司,外资-升宝,50-150人,B轮,浦东新区,Python 后台工程师,1-3年,不限,7k-12k,"绩效奖金,弹性工时,节日福利,五险一金"
上海米开罗那机电技术有限公司,米开罗那,150-500人,不需要融资,浦东新区,Python初级工程师,不限,本科,5k-9k,"包食宿,节假日福利,员工旅游,五险一金"
上海泛微网络科技股份有限公司,泛微,2000人以上,上市公司,闵行区,运维工程师（python自动化运维）,1-3年,本科,6k-8k,"奖金绩效,免费三餐,团队旅游"
深圳狗尾草智能科技有限公司,狗尾草智能科技,150-500人,A轮,静安区,高级Python开发工程师,3-5年,本科,20k-40k,"年终多薪,项目奖金,车补餐补,两次调薪"
上海豪驴商务咨询有限公司,豪驴出行,少于15人,天使轮,徐汇区,高级Python开发工程师,3-5年,本科,15k-25k,"高薪,扁平化管理,期权"
上海亚安信息技术有限公司,亚安,50-150人,不需要融资,虹口区,Python开发工程师（驻场）,1-3年,大专,8k-12k,"福利好,薪酬高"
北京字节跳动科技有限公司,字节跳动,2000人以上,C轮,黄浦区,Python开发实习生-短视频方向,不限,本科,4k-8k,弹性工作，餐补，租房补贴，休闲下午茶，扁平管理，过亿用户，职业大牛，团队氛围好，优厚薪资
上海睿鱼网络科技中心,睿鱼科技,少于15人,未融资,闵行区,Python高级工程师,3-5年,不限,15k-28k,"地段优越,氛围好,可玩技术多,能力提升快"
赫里普（上海）信息科技有限公司,Hileap,15-50人,A轮,杨浦区,Python 数据开发工程师,1-3年,本科,10k-18k,"挑战性,环境好,技术氛围好"
高知特信息技术(上海)有限公司,高知特,2000人以上,上市公司,虹口区,ETL/Python Developer,3-5年,大专,12k-22k,"六险一金,绩效奖金,13薪"
上海昌投网络科技有限公司,长投网,50-150人,未融资,浦东新区,python实习生,应届毕业生,本科,3k-4k,"氛围轻松,人性化管理,带薪年假,年终奖"
上海七炅信息科技有限公司,七炅信息,15-50人,A轮,浦东新区,Python 数据平台工程师,3-5年,本科,20k-35k,"扁平结构,时间灵活,股权激励,同时老板好"
上海金灯台信息科技有限公司,金灯台信息,少于15人,未融资,浦东新区,高级Python开发工程师,5-10年,本科,25K-50K,平台大，牛人多，福利好
再惠（上海）网络科技有限公司,再惠网络,500-2000人,B轮,长宁区,后端（Python）开发工程师,1-3年,本科,16k-32k,硅谷文化；免费餐饮；期权激励；
亿微征信服务有限公司,亿微征信,50-150人,不需要融资,浦东新区,python 后端工程师,1-3年,大专,15k-30k,"Pytho,java,Pytho,后端"
上海触乐信息科技有限公司,触宝,150-500人,上市公司,徐汇区,资深python后端开发工程师,3-5年,本科,20k-40k,"10亿用户,行业独角兽,技术驱动,发展空间大"
上海思华科技股份有限公司,思华科技,150-500人,D轮及以上,浦东新区,云计算开发工程师（Python）,3-5年,本科,12k-24k,六险一金 带薪病事假
上海泛微网络科技股份有限公司,泛微,2000人以上,上市公司,闵行区,运维工程师（python方向）,1-3年,大专,7k-12k,"半年调薪,三餐福利,专业培训,上市公司"
领扣网络（上海）有限公司,LeetCode 领扣,15-50人,未融资,普陀区,后端开发工程师（Django）,3-5年,本科,18k-29k,"年底双薪,绩效奖励,工作环境优,扁平式管理"
瞬联软件科技（北京）有限公司,瞬联软件科技（北京）有限公司,500-2000人,不需要融资,长宁区,【Ericsson】Python软件工程师（全栈）,1-3年,本科,9k-16k,"管理人性化,外企氛围,带薪年假,六险一金"
上海七炅信息科技有限公司,七炅信息,15-50人,A轮,浦东新区,Python 后端开发工程师,3-5年,本科,15k-30k,"扁平结构,工程师文化,股权激励,老板同事好"
上海我图网络科技有限公司,韩创科技,500-2000人,不需要融资,浦东新区,python实习生,不限,大专,2k-4k,"互联网文化,薪资福利好,学习文化,发展空间大"
力扣信息科技（上海）有限公司,LeetCode 中国,15-50人,未融资,普陀区,后端开发工程师 (Django）,3-5年,本科,18k-29k,"年底双薪,绩效奖励,工作环境优,扁平式管理"
行吟信息科技（上海）有限公司,小红书,500-2000人,D轮及以上,黄浦区,Python后端工程师,1-3年,本科,20k-40k,"年底多薪,六险一金,租房补贴,发展空间大"
明码 (上海) 生物科技有限公司,WuXiNextCODE,50-150人,上市公司,浦东新区,Python运维工程师,3-5年,本科,15k-30k,平台大
美瑞美高意投资咨询（上海）有限公司,金房本,少于15人,天使轮,静安区,资深Python后端开发员,3-5年,本科,20k-35k,"双休,创业公司,英文沟通,国际团队"
秒针信息技术有限公司,秒针系统,500-2000人,D轮及以上,长宁区,大数据（Python）工程师（实习生）,不限,本科,3k-5k,"工作氛围好,带薪年假"
上海坤亿信息技术有限公司,坤亿科技,50-150人,不需要融资,浦东新区,python后端开发,3-5年,本科,15k-20k,"500强,福利待遇好,弹性工作制"
上海元长信息技术有限公司,斑马钱包,15-50人,天使轮,,python后端,3-5年,本科,15K-25K,区块链行业，潜力无限！
上海拍拍贷金融信息服务有限公司,拍拍贷,2000人以上,上市公司,浦东新区,【2019校招】数据工程师（Python）,应届毕业生,本科,11k-15k,"氛围好,待遇佳,成长空间大"
神州数码通用软件（北京）有限公司,神州数码通用软件,500-2000人,不需要融资,徐汇区,自动化测试工程师（Python 编号05）,1-3年,大专,8k-12k,"五险一金,环境好"
百姓网股份有限公司,百姓网,500-2000人,上市公司,徐汇区,架构部—高级Python开发工程师,3-5年,本科,18k-36k,"技术氛围,福利优"
上海泛微网络科技股份有限公司,泛微,2000人以上,上市公司,闵行区,运维工程师（python自动化运维）,1-3年,本科,6k-12k,"美味三餐,半年调薪,福利待遇佳"
上海坤亿信息技术有限公司,坤亿科技,50-150人,不需要融资,浦东新区,Python (Service Dev),3-5年,本科,15k-20k,"500强,福利待遇好,弹性工作制"
北京乐博乐博教育科技有限公上海分公司,乐博乐博机器人学校,500-2000人,上市公司,浦东新区,Python编程教学,不限,本科,5K-8K,"五险一金,带薪培训,超长年假"
上海尼遨信息科技有限公司,NEO,150-500人,不需要融资,杨浦区,区块链开发工程师 – Python,5-10年,本科,20k-40k,"带薪年假,年度旅游,季度奖金,无限零食"
上海优帕克企业发展有限公司,上海优帕克企业发展有限公司,150-500人,B轮,静安区,Python数据工程师,不限,本科,11k-22k,"地铁周边,美女如云,绩效奖金,领导nic"
上海合阔信息技术有限公司,合阔信息,15-50人,A轮,长宁区,python开发工程师（SAAS云平台研发）,1-3年,不限,12k-24k,"技术氛围好,团队牛X,公司产品棒,薪资待遇优"
上海懿天网络科技有限公司,Versa,15-50人,A轮,徐汇区,Python图像处理开发工程师,1-3年,本科,15k-25k,"AI,扁平化,弹性工作制,交通方便"
上海无学网络科技有限公司,www.91wuxue.cn,15-50人,天使轮,徐汇区,高级scratch\python课程设计师,不限,本科,15k-25k,"环境好,进取心,灵活"
上海盈讯科技股份有限公司,网贷之家,150-500人,B轮,杨浦区,高级Python爬虫工程师,1-3年,不限,12k-24k,"晋升通道,年底双薪,绩效奖金,培训机会"
糖小护健康科技（上海）有限公司,糖小护,15-50人,不需要融资,黄浦区,资深Python后端开发/架构师,5-10年,本科,15k-30k,"餐补,交补,带薪年假,年终奖"
百姓网股份有限公司,百姓网,500-2000人,上市公司,徐汇区,广告—高级python工程师,1-3年,本科,15k-30k,工程师文化
上海数旦信息技术有限公司,数旦信息,15-50人,A轮,徐汇区,Python网络爬虫开发（实习）,不限,本科,4k-5k,学习机会多；免费零食;优秀者毕业可留用
上海证大喜马拉雅网络科技有限公司,喜马拉雅,500-2000人,D轮及以上,浦东新区,Java／Python高级开发职责描述（爬虫方向）,3-5年,本科,15k-28k,"音频独角兽,发展平台,弹性工作,技术大牛"
上海勃池信息技术有限公司,探知数据,50-150人,天使轮,静安区,高级爬虫工程师（Python、Java、go、C#,3-5年,本科,15k-30k,"年底多薪,期权激励,不定时团建,弹性工作"
金车信息科技（上海）有限公司,金车高效运营系统,少于15人,天使轮,嘉定区,python高级爬虫工程师,3-5年,不限,13k-20k,"薪资不设限,工作弹性,不打卡"
上海坤亿信息技术有限公司,坤亿科技,50-150人,不需要融资,浦东新区,Python（Service Dev）,3-5年,本科,15k-22k,"周末双休,绩效奖金,弹性工作,五险一金"
上海泛微网络科技股份有限公司,泛微,2000人以上,上市公司,闵行区,Java爬虫工程师（ Python）,3-5年,本科,15k-25k,"五险一金,绩效奖金,免费三餐,员工旅游"
上海幻电信息科技有限公司,哔哩哔哩,2000人以上,上市公司,杨浦区,基础平台研发工程师（机器学习/深度学习方向）,3-5年,本科,20k-40k,"公司好,发展快,氛围好,领导好"
北京字节跳动科技有限公司,字节跳动,2000人以上,C轮,黄浦区,后端开发实习生（Java/Golang/Python）-短视频方向,不限,本科,4k-8k,弹性工作，餐补，租房补贴，休闲下午茶，扁平管理，过亿用户，职业大牛，团队氛围好，优厚薪资
上海拍拍贷金融信息服务有限公司,拍拍贷,2000人以上,上市公司,浦东新区,测试开发资深专家（研发-测试）,5-10年,本科,25k-45k,"智慧金融,扁平管理,上市公司,团队好"
上海信砥信息科技有限公司,安兑_信砥信息科技,50-150人,B轮,长宁区,GO语言工程师,1-3年,本科,15k-20k,"午餐补贴,发展空间大,氛围好,领导好"
达而观信息科技（上海）有限公司,达观数据,50-150人,B轮,浦东新区,算法技术专家（NLP）,不限,硕士,30k-60k,"专注NLP,技术牛人多,准独角兽,期权"
上海初生网络科技有限公司,Rela热拉-多元女性社区,50-150人,B轮,黄浦区,Go软件工程师,3-5年,本科,15k-25k,期权鼓励，弹性工作，领导好，五险一金
同程网络科技股份有限公司,同程艺龙,2000人以上,D轮及以上,浦东新区,高级研发经理(java方向),5-10年,本科,20k-35k,"电商,旅游"
海宁思核科技有限公司,思核科技,50-150人,B轮,徐汇区,高级GO工程师,3-5年,本科,25k-35k,"技术氛围好,技术强大,人工智能,薪资待遇好"
上海物融智能科技有限公司,物融科技,15-50人,不需要融资,闵行区,GO软件开发师,不限,本科,15k-30k,"高薪多福利,发展机会多,股权激励"
深圳平安综合金融服务有限公司,平安金服,2000人以上,上市公司,浦东新区,Go语言开发,3-5年,本科,15k-30k,"平台大,福利好,发展快"
竹间智能科技（上海）有限公司,竹间智能科技(上海)有限公司,150-500人,B轮,徐汇区,技术研发工程师,3-5年,本科,20k以上,发展空间大 期权激励 弹性工作
招商银行股份有限公司信用卡中心,招商银行信用卡中心,2000人以上,上市公司,浦东新区,信息安全技术经理（应用安全）,3-5年,本科,25k-40k,"职位晋升,年终奖,年度体检,年度旅游"
口碑（杭州）信息技术有限公司,阿里口碑,2000人以上,不需要融资,浦东新区,口碑-数据研发专家（风控方向）,3-5年,本科,20K-40K,"大数据,风控,O2O"
达而观信息科技（上海）有限公司,达观数据,50-150人,B轮,浦东新区,算法技术专家（推荐引擎）,不限,硕士,30k-60k,"牛人多,氛围佳,期权,准独角兽"
海深科技（宁波）有限公司,海深科技,15-50人,A轮,浦东新区,软件开发工程师,1-3年,本科,14k-25k,"年终多薪,技术大牛,周末双休,福利好"
上海商米科技有限公司,商米科技,150-500人,C轮,杨浦区,DBA数据库工程师(OS平台研发部）,3-5年,本科,15k-30k,"技术大牛,技术氛围浓,变平化管理,年假病假"
北京瑞达恒建筑咨询有限公司广州分公司,北京瑞达恒建筑咨询有限公司广州分公司,500-2000人,未融资,黄浦区,资深研发工程师/技术专家,3-5年,本科,15k-30k,"有活力,发展空间大,福利好,BOSS好"
上海萌店信息科技有限公司,微盟,2000人以上,D轮及以上,宝山区,测试开发工程师（MAS Tech）,3-5年,本科,15k-25k,"领导nic,扁平管理,奖金补贴,年假福利"
众安在线财产保险股份有限公司,众安保险,2000人以上,上市公司,黄浦区,安全开发工程师,3-5年,本科,18k-28k,"氛围好,福利多"
上海七牛信息技术有限公司,七牛云,500-2000人,D轮及以上,浦东新区,DevOps研发工程师（docker/k8s）,3-5年,本科,15k-30k,"容器,六险一金,弹性上班"
支付宝(杭州)信息技术有限公司,蚂蚁金服集团,2000人以上,B轮,浦东新区,技术风险平台技术专家(P7)/高级专家(P8),5-10年,本科,25k-50k,"千万级规模,数据驱动,扁平管理,期权激励"
上海优刻得信息科技有限公司,UCloud,500-2000人,D轮及以上,杨浦区,容器服务研发工程师,3-5年,大专,20k-40k,"六险一金,领导好,独角兽公司,弹性工作"
上海氪信信息技术有限公司,CreditX,50-150人,B轮,长宁区,研发工程师,不限,本科,10k-20k,"工程师文化,精英团队,弹性工作制,扁平管理"
上海方付通商务服务有限公司,方付通,150-500人,不需要融资,浦东新区,数据开发工程师,3-5年,本科,15k-30k,"大牛团队,福利待遇好,奖金完善"
上海鸣勃网络科技有限公司,mingbo,15-50人,不需要融资,长宁区,后端开发工程师,1-3年,本科,9K-18K,"福利待遇好,弹性时间,氛围好,期权奖励"
上海基分文化传播有限公司,趣头条,500-2000人,上市公司,浦东新区,数据分析与开发工程师,3-5年,本科,15k-30k,"六险一金,餐补,平均15薪"
上海斗象信息科技有限公司,斗象科技,50-150人,B轮,浦东新区,后端研发工程师,3-5年,本科,15k-30k,"互联网公司,弹性上班,带薪年假,期权激励"
竹间智能科技（上海）有限公司,竹间智能科技(上海)有限公司,150-500人,B轮,徐汇区,软件开发工程师,3-5年,本科,15k-30k,发展空间大 平台好 弹性工作
达而观信息科技（上海）有限公司,达观数据,50-150人,B轮,浦东新区,算法技术专家（知识图谱/搜索）,不限,硕士,30k-60k,"AI牛人多,专注NLP,准独角兽,期权"
上海萌店信息科技有限公司,微盟,2000人以上,D轮及以上,浦东新区,Android应用开发工程师,1-3年,本科,15k-25k,开发工程师
海深科技（宁波）有限公司,海深科技,15-50人,A轮,浦东新区,后端开发工程师,1-3年,本科,15k-25k,"年底多薪,技术大牛,名校名公司"
众安在线财产保险股份有限公司,众安保险,2000人以上,上市公司,黄浦区,测试开发工程师,3-5年,本科,15k-25k,福利待遇好 发展前景佳
上海优刻得信息科技有限公司,UCloud,500-2000人,D轮及以上,杨浦区,数据产品开发工程师,3-5年,大专,20k-40k,"六险一金,领导好,独角兽公司,弹性工作"
普强信息技术（北京）有限公司,普强信息,150-500人,C轮,徐汇区,TTS研发工程师,不限,本科,10k-20k,"牛人多,AI行业"
上海合合信息科技发展有限公司,名片全能王,150-500人,C轮,静安区,算法研发工程师,1-3年,本科,15k-25k,"技术牛人多,工作氛围好,工作环境佳,领导好"
钱咖网络科技（上海）有限公司,钱咖,50-150人,不需要融资,黄浦区,数据开发工程师,3-5年,本科,15k-20k,"福利好,待遇佳,扁平管理,晋升空间大"
上海基分文化传播有限公司,趣头条,500-2000人,上市公司,浦东新区,算法开发工程师,3-5年,本科,25k-50k,"技术氛围好,发展空间大,15薪起"
上海海万信息科技股份有限公司,海万科技,500-2000人,不需要融资,浦东新区,大数据开发工程师,3-5年,大专,10k-17k,"福利待遇好,交通便利"
上海盛付通电子支付服务有限公司,盛付通,150-500人,不需要融资,浦东新区,资深andriod开发,3-5年,本科,20k-30k,"弹性工作,福利待遇好,技术驱动,千万级用"
上海织语网络科技有限公司,CC work 织语,50-150人,天使轮,普陀区,服务器开发工程师,3-5年,本科,20k-25k,"奖金高,领导好,美女多,绩效奖金"
挖财网络技术有限公司,挖财,500-2000人,D轮及以上,浦东新区,技术风险研发专家-上海-00933,3-5年,本科,20k-40k,公司福利好，团队气氛佳
上海天壤智能科技有限公司,天壤智能,50-150人,A轮,长宁区,系统研发工程师,3-5年,本科,20k-40k,"带薪年假,免费零食"
上海互趣网络科技有限公司,Amino,50-150人,C轮,静安区,资深后端开发工程师,3-5年,本科,40k-70k,"团队牛人多,极客文化,弹性工作,股票期权"
上海萌店信息科技有限公司,微盟,2000人以上,D轮及以上,宝山区,爬虫开发工程师,3-5年,不限,18k-30k,"平台好,业务新,福利好"
众安在线财产保险股份有限公司,众安保险,2000人以上,上市公司,黄浦区,大数据开发工程师,3-5年,不限,15k-25k,"前沿技术,发展空间大,PB级数据"
上海优刻得信息科技有限公司,UCloud,500-2000人,D轮及以上,杨浦区,大数据产品研发工程师,3-5年,本科,25k-35k,"六险一金,领导好,独角兽公司,弹性工作"
达而观信息科技（上海）有限公司,达观数据,50-150人,B轮,浦东新区,数据开发工程师,1-3年,本科,15k-25k,"六险一金,发展空间大,人工智能,团队优秀"
上海海万信息科技股份有限公司,海万科技,500-2000人,不需要融资,浦东新区,大数据开发工程师,不限,大专,10k-18k,"旅游,体检,过节费,年终奖"
北京京东世纪贸易有限公司,京东集团,2000人以上,上市公司,长宁区,监控系统开发工程师,3-5年,本科,20k-30k,平台大
上海速石信息科技有限公司,速石科技,少于15人,天使轮,杨浦区,技术支持工程师,1-3年,本科,15k-25k,"精英团队,先进项目,环境优越,试用期全薪"
Infor恩富软件,The largest startup company in IT domain,150-500人,不需要融资,黄浦区,研发软件工程师,3-5年,硕士,20k-25k,"弹性时间,运动,跨国团队"
上海幻电信息科技有限公司,哔哩哔哩,2000人以上,上市公司,浦东新区,后台服务开发工程师,3-5年,本科,10k-20k,"公司好,氛围好,领导好,发展快"
上海郡码智能科技有限公司,上海郡码智能科技有限公司,50-150人,天使轮,徐汇区,HMI开发工程师,1-3年,本科,15k-20k,"弹性上班,六险一金,餐补,交通补"
上海基分文化传播有限公司,趣头条,500-2000人,上市公司,浦东新区,容器云开发工程师,3-5年,大专,20k-40k,"平均15薪,餐补,六险一金"
上海帆一尚行科技有限公司,上汽云计算中心,50-150人,不需要融资,浦东新区,容器开发工程师,不限,本科,20K-40K,业内首家汽车云
上海鋆创信息技术有限公司,易居中国-创新研发中心,2000人以上,上市公司,闸北区,ETL开发工程师,3-5年,本科,15k-20k,"大数据,团队氛围好,技术分享,福利优厚"
申通快递有限公司,申通快递,2000人以上,上市公司,青浦区,安全开发工程师,1-3年,大专,15k-25k,"五险一金,周末双休,提供住宿,年终奖励"
深兰科技（上海）有限公司,深兰科技,150-500人,B轮,长宁区,C#开发工程师,3-5年,本科,20k-35k,"扁平化管理,晋升空间大"
众安在线财产保险股份有限公司,众安保险,2000人以上,上市公司,黄浦区,前端开发工程师,5-10年,本科,15k-25k,"平台好,福利好"
上海萌店信息科技有限公司,微盟,2000人以上,D轮及以上,宝山区,运维开发工程师,3-5年,本科,13k-26k,"公司前景好,发展空间大"
上海优刻得信息科技有限公司,UCloud,500-2000人,D轮及以上,杨浦区,后台研发工程师,3-5年,本科,25k-35k,"产品新颖,发展空间大,技术前沿,高速发展"
上海幻电信息科技有限公司,哔哩哔哩,2000人以上,上市公司,杨浦区,高级服务端开发工程师,1-3年,本科,15k-25k,"年终奖,六险一金,互联网,上市公司"
上海合合信息科技发展有限公司,名片全能王,150-500人,C轮,静安区,后端开发工程师,1-3年,本科,13k-26k,"4亿用户,团队氛围好,发展空间大"
威比网络科技（上海）有限公司,TutorABC英语,2000人以上,C轮,虹口区,高级Devops开发工程师,3-5年,本科,15k-30k,"五险一金,带薪休假,咖啡水果"
上海喔噻互联网科技有限公司,喔噻科技,500-2000人,B轮,普陀区,技术保障高级工程师,5-10年,本科,20k-40k,"平台大,牛人多,福利好"
北京市商汤科技开发有限公司,商汤科技,2000人以上,C轮,徐汇区,Senior后端开发工程师（系统开发工程师）,5-10年,本科,20k-40k,"优秀团队,发展机会多"
上海汇绿电子商务有限公司,绿智汇,50-150人,A轮,杨浦区,前端工程师,3-5年,大专,10k-15k,"高绩效,高项目奖金,企业年金,补充公积金"
上海基分文化传播有限公司,趣头条,500-2000人,上市公司,浦东新区,大数据开发工程师,3-5年,本科,20k-40k,"弹性工作,平均16薪,扁平化管理,工作氛"
上海蔚来汽车有限公司,NIO蔚来,2000人以上,D轮及以上,嘉定区,安全开发工程师,1-3年,本科,20k-30k,"股票期权,补充公积金,免费班车,年底双薪"
杭州橙鹰数据技术有限公司,橙鹰,150-500人,不需要融资,闵行区,资深数据开发工程师,3-5年,不限,15k-30k,"阿里旗下,氛围好"
上海天壤智能科技有限公司,天壤智能,50-150人,A轮,长宁区,研发工程师,3-5年,本科,25k-50k,"AI,人工智能,大数据"
深圳平安综合金融服务有限公司,平安金服,2000人以上,上市公司,浦东新区,DBA开发工程师,3-5年,本科,20k-40k,"平台大,福利好,发展快,氛围融洽"
上海青客公共租赁住房租赁经营管理股份有限公司,上海青客,500-2000人,C轮,徐汇区,net工程师,3-5年,本科,15k-25k,年终奖，项目奖，住房补贴，国资背景
众安在线财产保险股份有限公司,众安保险,2000人以上,上市公司,虹口区,测试开发工程师,3-5年,本科,15k-30k,福利棒棒哒
晋松（上海）网络信息技术有限公司,享换机,50-150人,A轮,杨浦区,BI开发工程师,1-3年,本科,15k-20k,"14薪,期权,多次调薪"
杭州橙鹰数据技术有限公司,橙鹰,150-500人,不需要融资,闵行区,资深数据仓库开发工程师,3-5年,不限,15k-30k,"阿里旗下,氛围好"
上海阜凡软件有限公司,上海阜凡软件有限公司,150-500人,天使轮,闵行区,上海-大数据开发工程师,3-5年,本科,25k-35k,大数据科技
上海青客公共租赁住房租赁经营管理股份有限公司,上海青客,500-2000人,C轮,徐汇区,net开发工程师,3-5年,本科,16k-25k,"年终奖,项目奖,餐补,年休"
上海微问家信息技术有限公司,爱客CRM,150-500人,B轮,浦东新区,nodejs后端开发工程师,1-3年,本科,12k-24k,"五险一金,年终奖金,弹性工作,周末双休"
上海客佳信息科技有限公司,客佳,50-150人,不需要融资,浦东新区,Web/H5高级软件工程师,3-5年,本科,15k-25k,"五险一金,子女福利,团建活动,氛围好"
中国银联股份有限公司,中国银联,2000人以上,不需要融资,浦东新区,应用开发工程师,3-5年,本科,25k-50k,"平台大,晋升机制,国有企业,工作氛围好"
上海乐言信息科技有限公司,乐言科技,50-150人,A轮,徐汇区,后台研发工程师,3-5年,本科,20k-40k,"上升空间大,顶尖团队,免费午餐,公司福利好"
上海成龙五谷信息科技有限公司,鲜驰达,2000人以上,不需要融资,浦东新区,中级前端工程师,3-5年,本科,10k-20k,"css,软件工程师,前端开发,html"
上海海万信息科技股份有限公司,海万科技,500-2000人,不需要融资,静安区,JAVA工程师,不限,本科,8k-16k,"福利待遇好,交通便利"
上海锐赢信息技术有限公司,锐赢企业,150-500人,不需要融资,浦东新区,大数据开发工程师,3-5年,大专,15k-25k,"交通便利,环境好,五险一金,带薪年假"
上海万间信息技术有限公司,巴乐兔,2000人以上,C轮,浦东新区,中级开发工程师,3-5年,大专,10k-15k,"平台大,空间大,领导好,福利好"
上海风创信息咨询有限公司,海风教育,2000人以上,C轮,普陀区,大数据开发工程师,3-5年,本科,25k-35k,氛围好
北京瑞达恒建筑咨询有限公司广州分公司,北京瑞达恒建筑咨询有限公司广州分公司,500-2000人,未融资,黄浦区,研发工程师,3-5年,本科,15k-30k,"五险一金,年底双薪,绩效奖,绩效奖金"
众安在线财产保险股份有限公司,众安保险,2000人以上,上市公司,黄浦区,数据仓库开发工程师,3-5年,本科,15k-25k,PB级企业数仓、宽广的施展空间
上海青客公共租赁住房租赁经营管理股份有限公司,上海青客,500-2000人,C轮,徐汇区,net高级开发工程师,3-5年,大专,15k-25k,年终奖，项目奖，住房补贴，办公环境
晋松（上海）网络信息技术有限公司,享换机,50-150人,A轮,杨浦区,ETL开发工程师,1-3年,本科,15k-20k,"14薪,多次调薪,期权,绩效奖金"
上海叶道科技有限公司,叶道科技,50-150人,B轮,徐汇区,高级测试开发工程师,3-5年,本科,12k-24k,"五险一金,多次涨薪,弹性工作,年终福利"
北京满运物流信息有限公司,运满满,500-2000人,D轮及以上,长宁区,算法开发工程师,5-10年,硕士,40k-65k,"阿里系,期权,扁平管理"
上海氪信信息技术有限公司,CreditX,50-150人,B轮,黄浦区,测试开发工程师,3-5年,本科,15k-25k,"弹性工作,精英团队,福利优厚,超长年假"
阿基米德（上海）传媒有限公司,阿基米德fm,50-150人,B轮,长宁区,大数据开发工程师,5-10年,本科,20k-28k,"薪酬福利好,扁平化管理"
上海脉豪商务信息咨询有限公司,眸事网,150-500人,天使轮,虹口区,大数据开发工程师,1-3年,本科,15k-20k,"互联网公司,大数据AI,团队牛人多,弹性福利好"
上海海万信息科技股份有限公司,海万科技,500-2000人,不需要融资,浦东新区,大数据开发工程师,3-5年,大专,10k-20k,"体检,旅游,过节费,年终奖"
上海欢尚电子商务有限公司,闪电降价APP,150-500人,B轮,闸北区,运维开发工程师,3-5年,本科,20k-30k,"亿万级流水,平台大"
完美世界（北京）软件科技发展有限公司,完美世界,2000人以上,上市公司,杨浦区,数据开发工程师(4753),3-5年,本科,16k-30k,"游戏大平台,大数据"
深圳追一科技有限公司,追一科技,150-500人,B轮,长宁区,后台开发工程师（数据方向） (MJ000156),3-5年,本科,18k-36k,"AI风口,人工智能,成长空间,带薪年假"
上海锐赢信息技术有限公司,锐赢企业,150-500人,不需要融资,浦东新区,大数据开发工程师,3-5年,本科,15k-25k,"靠近地铁站,大数据"
北京国双科技有限公司,Gridsum 国双,500-2000人,上市公司,静安区,高级技术支持工程师,3-5年,本科,10k-15k,"牛人多,上市 公司,晋升明朗"
宁波森浦融讯科技有限公司,Sumscope-森浦资讯,150-500人,B轮,浦东新区,web开发工程师,3-5年,本科,15k-20k,"带薪年假,技能培训,定期体检,五险一金"
众安在线财产保险股份有限公司,众安保险,2000人以上,上市公司,黄浦区,高级Java开发工程师,5-10年,本科,20k-30k,"氛围好,福利多,空间大"
上海青客公共租赁住房租赁经营管理股份有限公司,上海青客,500-2000人,C轮,徐汇区,net高级开发工程师,3-5年,本科,15k-25k,年终奖 加班调休 项目奖
上海剑圣网络科技有限公司,2144游戏,150-500人,不需要融资,浦东新区,高级运维开发工程师,3-5年,本科,15k-30k,"福利好,平台大,前景好"
无锡华云数据技术服务有限公司,华云数据,500-2000人,D轮及以上,杨浦区,281-Java开发工程师（云计算）,5-10年,本科,25k-35k,"带薪年病假,团建旅游,年病假,各项补贴"
宽拓（北京）科技有限公司,Quantex,150-500人,A轮,黄浦区,ETL开发工程师,3-5年,本科,15k-30k,弹性工作，领导nice，下午茶，年假
上海商涌网络科技有限公司,商涌网络,15-50人,天使轮,浦东新区,JAVA工程师,3-5年,本科,15k-30k,JAVA
遨游酒店信息技术(深圳)有限责任公司,遨游酒店信息技术(深圳)有限责任公司,500-2000人,不需要融资,徐汇区,数据开发工程师,3-5年,本科,15k-30k,"福利好,待遇好,扁平化管理"
上海维塔士电脑软件有限公司,维塔士,500-2000人,B轮,长宁区,资深R&amp;D开发工程师,不限,本科,15k-30k,"游戏行业,一线品牌,骨干核心,发展机会多"
上海海万信息科技股份有限公司,海万科技,500-2000人,不需要融资,黄浦区,运维开发工程师,1-3年,本科,9k-12k,大平台
国泰财产保险有限责任公司,国泰产险,500-2000人,不需要融资,浦东新区,高级Java工程师(数据技术方向),3-5年,本科,20k-30k,"蚂蚁控股,互联网保险,大平台,年轻有朝气"
上海画龙信息科技有限公司,Datatist,50-150人,A轮,徐汇区,高级数据开发工程师,5-10年,本科,15k-30k,"硅谷团队,资深大数据,期权激励,晋升平台"
上海海知智能科技有限公司,海知智能,50-150人,A轮,浦东新区,爬虫开发工程师,3-5年,本科,15k-30k,"技术大牛,福利多多,人工智能"
上海基分文化传播有限公司,趣头条,500-2000人,上市公司,浦东新区,大数据开发工程师,3-5年,大专,20k-30k,"平均15薪,餐补,六险一金"
上海方付通商务服务有限公司,方付通,150-500人,不需要融资,浦东新区,运维开发工程师,3-5年,本科,15k-30k,"大牛多,福利待遇好,年终奖"
工匠广告传播（上海）有限公司,NORMCORE,15-50人,不需要融资,长宁区,高级后端开发工程师,3-5年,本科,15k-25k,"团建,项目奖金,专业培训"
众安在线财产保险股份有限公司,众安保险,2000人以上,上市公司,黄浦区,测试开发工程师,3-5年,本科,16k-26k,"福利多,氛围好"
支付宝(杭州)信息技术有限公司,蚂蚁金服集团,2000人以上,B轮,浦东新区,蚂蚁金服-国际业务-工程效能开发工程师,3-5年,本科,2k-4k,"自己做主,云计算,服务开发者"
上海初瞳信息技术有限公司,易乎社区,50-150人,不需要融资,浦东新区,Java工程师（偏架构方向）,3-5年,本科,25k-35k,"潜力大,管理小组"
上海卡行天下供应链管理有限公司,卡行天下,2000人以上,D轮及以上,长宁区,Hadoop开发工程师,3-5年,本科,10k-20k,"平台大,提升快,牛人多,氛围好"
上海叶道科技有限公司,叶道科技,50-150人,B轮,徐汇区,DevOps Engineer（运维开发工程师）,1-3年,本科,12k-20k,"五险一金,多次涨薪,海外平台"
上海精学锐信息科技有限公司,精锐教育,2000人以上,上市公司,普陀区,数据开发工程师,3-5年,本科,15k-25k,"上市公司,年终奖金,试用期全薪,全额交金"
泰为信息科技（上海）有限公司,泰为,150-500人,上市公司,长宁区,技术研发经理,5-10年,本科,30k-40k,"大数据,机器学习,外资上市,福利丰厚"
上海木七七网络科技有限公司,木七七,15-50人,不需要融资,杨浦区,运维开发工程师,1-3年,不限,10k-18k,自由上班时间 年终奖 年底双薪
天津市基理科技股份有限公司,基理科技,50-150人,A轮,浦东新区,资深前端开发（上海张江）,3-5年,本科,15k-25k,"成长空间大,技术大牛,独立产品线,早九晚六"
腾讯科技(深圳)有限公司,腾讯,2000人以上,上市公司,长宁区,资深开发工程师-PaaS平台（子公司岗位）,3-5年,本科,30k-60k,"paas,容器"
上海易恒健康生物科技有限公司,易恒健康,500-2000人,C轮,徐汇区,后台开发工程师,3-5年,大专,15k-20k,"团队氛围好,待遇优厚,技术氛围好,美女如云"
北京长亭科技有限公司,长亭科技,150-500人,B轮,长宁区,技术支持工程师,1-3年,大专,10k-20k,"带薪年假,工作餐,无限零食,五险一金"
上海易果电子商务有限公司,易果生鲜,2000人以上,C轮,长宁区,资深运维开发工程师,5-10年,本科,18k-28k,"扁平化,大平台"
上海画龙信息科技有限公司,Datatist,50-150人,A轮,徐汇区,ETL/数据仓库开发工程师,3-5年,本科,12k-24k,"大数据公司,硅谷团队,股票期权,带薪假期"
上海基分文化传播有限公司,趣头条,500-2000人,上市公司,浦东新区,测试开发工程师-高级,5-10年,大专,20k-30k,"行业独角兽,技术部助理,工作氛围好,弹性"
众安在线财产保险股份有限公司,众安保险,2000人以上,上市公司,黄浦区,测试开发工程师,1-3年,本科,15k-30k,"独角兽行业,上市公司,金融科技,薪资福利好"
支付宝(杭州)信息技术有限公司,蚂蚁金服集团,2000人以上,B轮,黄浦区,高级测试开发工程师,1-3年,本科,25k-35k,"技术,薪资,平台,福利"
前海煦逸信息技术（深圳）有限公司,ezbuy,500-2000人,C轮,浦东新区,GO开发工程师,1-3年,本科,13k-20k,"五险一金,项目奖金,弹性工作,期权"
上海画龙信息科技有限公司,Datatist,50-150人,A轮,徐汇区,数据开发工程师,3-5年,本科,12k-24k,"硅谷团队,核心大数据,期权激励,晋升平台"
迪卡侬（上海）体育用品有限公司,迪卡侬亚太IT中心,2000人以上,不需要融资,浦东新区,后端开发工程师,3-5年,本科,15k-25k,"自由,健身房,发展机会,完善的培训"
上海千杉网络技术发展有限公司,电视猫MoreTV,150-500人,B轮,浦东新区,运维开发工程师,3-5年,本科,15k-20k,"团队氛围好,技术能力佳"
上海图爽爽信息科技有限公司,上海图爽爽信息科技有限公司,15-50人,天使轮,浦东新区,前端开发工程师,5-10年,本科,20k-40k,"免费午餐,交通便利,环境高大上"
上海基分文化传播有限公司,趣头条,500-2000人,上市公司,浦东新区,Golang中高级开发工程师 - PaSS,3-5年,本科,25k-50k,"技术氛围好,发展空间大,至少15薪,运用最新技"
上海数禾信息科技有限公司,还呗-智能信贷领先者,150-500人,不需要融资,浦东新区,数仓/数据仓库/ETL开发工程师,3-5年,不限,12k-24k,"移动金融,未来金矿,精英团队,助力成长"
晋松（上海）网络信息技术有限公司,享换机,50-150人,A轮,杨浦区,测试开发工程师,1-3年,本科,10k-20k,"晋升空间,福利待遇"
上海迈坦信息科技有限公司,MetaLab,50-150人,A轮,浦东新区,后端工程师,1-3年,本科,15k-30k,"Pytho,Ruby,Java,C++"
上海大岂网络科技有限公司,MoSeeker仟寻,50-150人,B轮,徐汇区,Hadoop工程师,1-3年,本科,16k-25k,"薪资福利好,技术团队强,氛围好,交通便利"
上海七牛信息技术有限公司,七牛云,500-2000人,D轮及以上,浦东新区,资深分布式存储研发（机器学习）,5-10年,本科,25K-40K,"机器学习,分布式存储"
威比网络科技（上海）有限公司,TutorABC英语,2000人以上,C轮,虹口区,高级后端研发,1-3年,本科,18k-36k,"牛人多,成长快"
圆通速递有限公司,圆通,2000人以上,上市公司,青浦区,高级ETL开发工程师,3-5年,本科,15k-30k,上市公司，大牛团队，大平台，机会多
众安在线财产保险股份有限公司,众安保险,2000人以上,上市公司,黄浦区,JAVA研发工程师,1-3年,本科,15k-30k,极客，舒适的办公环境，前沿的技术产品
上海基分文化传播有限公司,趣头条,500-2000人,上市公司,浦东新区,golang开发工程师,1-3年,本科,20k-35k,"平均16薪,扁平化管理,弹性工作,福利好"
支付宝(杭州)信息技术有限公司,蚂蚁金服集团,2000人以上,B轮,浦东新区,数据开发工程师,3-5年,本科,15k-25k,"福利待遇好,发展前景好"
达而观信息科技（上海）有限公司,达观数据,50-150人,B轮,浦东新区,算法研发工程师（推荐引擎）,1年以下,硕士,20k-40k,"大牛多,发展空间,氛围佳,准独角兽"
上海即果信息技术有限公司,即刻,50-150人,C轮,杨浦区,基础设施工程师,3-5年,本科,15k-30k,"产品有潜力,技术优秀"
上海妙克信息科技有限公司,VIP陪练,500-2000人,B轮,杨浦区,web开发工程师,3-5年,本科,15k-25k,"弹性工作,互联网教育,B轮融资"
华院数据技术（上海）有限公司,华院数据,500-2000人,C轮,静安区,后台开发工程师,5-10年,本科,25k-30k,"10天年假,五险一金,学院氛围,各类补贴"
上海德启信息科技有限公司,德邦,2000人以上,不需要融资,青浦区,系统管理工程师,3-5年,大专,15k-19k,"牛人云集,氛围好,晋升快"
上海动搜网络科技有限公司,花动传媒,150-500人,B轮,闵行区,JAVA 资深开发工程师,5-10年,本科,18k-35k,"上升空间大,团队氛围好,五险一金,项目奖金"
上海大岂网络科技有限公司,MoSeeker仟寻,50-150人,B轮,徐汇区,高级Java工程师,5-10年,本科,15k-25k,"薪资福利好,团队技术强,技术氛围浓,交通便利"
杭州游卡网络技术有限公司,游卡桌游,500-2000人,不需要融资,浦东新区,C++开发工程师,1-3年,大专,15k-25k,"平台好,六险二金,公司氛围佳,学习机会"
拉扎斯网络科技（上海）有限公司,饿了么,2000人以上,D轮及以上,普陀区,开发工程师,1-3年,本科,18k-36k,发展平台好 薪资open 环境nice 技术氛围浓
北京嘀嘀无限科技发展有限公司,滴滴出行,2000人以上,不需要融资,静安区,资产安全开发工程师(J180807010),3-5年,本科,20k-40k,领导nice，团队合作，薪资福利
上海坤亿信息技术有限公司,坤亿科技,50-150人,不需要融资,浦东新区,C#.net开发工程师,1-3年,本科,12k-20k,"500强,福利待遇好,弹性工作制"
勇大信息技术（上海）有限公司,Udacity,150-500人,D轮及以上,徐汇区,Web &amp; K12 课程经理,1年以下,硕士,8k-13k,"硅谷独角兽,大牛带你飞,热门行业,快速增长期"
众安在线财产保险股份有限公司,众安保险,2000人以上,上市公司,黄浦区,算法工程师,3-5年,本科,15k-30k,"六险一金,扁平管理,团队氛围好"
驭势科技（北京）有限公司,驭势科技,50-150人,A轮,长宁区,高精地图开发工程师,5-10年,本科,10k-20k,合伙人
上海画龙信息科技有限公司,Datatist,50-150人,A轮,徐汇区,ETL/数据仓库开发工程师,3-5年,本科,12k-24k,"大数据公司,硅谷团队,股票期权,带薪假期"
上海诺诺镑客金融信息服务有限公司,麦子金服,500-2000人,A轮,浦东新区,大数据开发工程师,1-3年,本科,15k-30k,"薪资优待,福利完善"
内蒙古君正互联网小额贷款有限公司,内蒙古君正网贷,50-150人,不需要融资,浦东新区,ETL开发工程师,5-10年,本科,15k-25k,十四薪
上海剑圣网络科技有限公司,2144游戏,150-500人,不需要融资,浦东新区,大数据开发工程师,3-5年,大专,15k-25k,"福利好,平台大,发展空间"
支付宝(杭州)信息技术有限公司,蚂蚁金服集团,2000人以上,B轮,浦东新区,高级测试开发工程师/专家,3-5年,本科,20k-40k,"发展空间大,福利待遇好"
上海一健事健康科技有限公司,麦子科技,15-50人,A轮,浦东新区,PHP工程师,3-5年,本科,20k-25k,"年底双薪,加班补贴,上升空间,五险一金"
上海唯链信息科技有限公司,Vechain,50-150人,B轮,静安区,swift区块链开发工程师,5-10年,本科,18k-35k,"年底N薪,弹性工作,免费工作餐,零食水果"
圆通速递有限公司,圆通,2000人以上,上市公司,青浦区,高级大数据开发工程师,3-5年,本科,15k-30k,上市公司，前景好，氛围好，待遇好
上海锐赢信息技术有限公司,锐赢企业,150-500人,不需要融资,浦东新区,大数据开发工程师,5-10年,本科,20k-40k,"大公司,环境好,交通便利,稳定"
上海客佳信息科技有限公司,客佳,50-150人,不需要融资,浦东新区,资深前端开发工程师,5-10年,本科,20k-40k,"五险一金,子女福利,团队建设,氛围好"
上海海万信息科技股份有限公司,海万科技,500-2000人,不需要融资,徐汇区,技术支持工程师（壹钱包）,3-5年,大专,9k-11k,大平台
瞬联软件科技（北京）有限公司,瞬联软件科技（北京）有限公司,500-2000人,不需要融资,杨浦区,Web开发,不限,不限,10k-19k,"六险一金,竞升机制,带薪年假,弹性工作"
上海笔金网络科技有限公司,笔金,15-50人,未融资,杨浦区,算法工程师,3-5年,本科,10k-20k,"周末双休,美味午餐,年度旅游,年底双薪"
上海客佳信息科技有限公司,客佳,50-150人,不需要融资,浦东新区,资深前端开发工程师,5-10年,本科,20k-40k,"五险一金,定期团建,老板好,福利好"
上海海知智能科技有限公司,海知智能,50-150人,A轮,浦东新区,运维开发工程师,不限,本科,15k-25k,"人工智能,技术大牛,发展空间大,创新前沿"
炫一下（北京）科技有限公司,一下科技,500-2000人,D轮及以上,徐汇区,go开发工程师(J10513),1-3年,本科,15k-30k,"带薪病假,租房补贴,海量数据"
上海基分文化传播有限公司,趣头条,500-2000人,上市公司,浦东新区,Golang开发工程师,3-5年,大专,20k-30k,"行业独角兽,技术部助理,工作氛围好,弹性"
杭州威佩网络科技有限公司,威佩,150-500人,A轮,虹口区,资深前端开发工程师,3-5年,本科,15k-30k,"精英团队,弹性工作,技术驱动,大数据平台"
上海谷露软件有限公司,谷露软件,50-150人,A轮,黄浦区,运维开发工程师,1-3年,本科,20k-30k,"五险一金,包两餐,13薪,奖金多"
上海点融信息科技有限责任公司,点融,150-500人,D轮及以上,黄浦区,大数据开发工程师-SH2925（ETL方向）,1-3年,本科,18k-35k,"大牛多,大数据,弹性工时"
上海大岂网络科技有限公司,MoSeeker仟寻,50-150人,B轮,徐汇区,算法工程师,1-3年,本科,20k-30k,"B轮,移动互联网,AI,算法大牛"
上海中彦信息科技股份有限公司,返利网,500-2000人,C轮,徐汇区,算法工程师-ESH0723,3-5年,本科,30k-40k,"五险一金,商业保险,免费午餐,健身俱乐部"
上海帆一尚行科技有限公司,上汽云计算中心,50-150人,不需要融资,浦东新区,安全产品开发工程师,5-10年,本科,20K-40K,""""""
浙江溢米教育科技有限公司,溢米辅导,2000人以上,B轮,徐汇区,大数据开发工程师,3-5年,本科,20k-40k,"高薪,朝阳行业,互联网"
上海汇付数据服务有限公司,汇付,500-2000人,C轮,徐汇区,运维开发工程师,3-5年,本科,15k-30k,"领导好,绩效,环境好,氛围好"
北京奇艺世纪科技有限公司,爱奇艺,2000人以上,上市公司,长宁区,资深AI算法开发工程师,3-5年,硕士,25k-40k,发展前景好
上海爸妈营教育科技有限公司,爸妈营,50-150人,A轮,杨浦区,Node.js开发工程师,1-3年,本科,13k-20k,"交通便利,发展空间,工作氛围"
竹间智能科技（上海）有限公司,竹间智能科技(上海)有限公司,150-500人,B轮,徐汇区,全栈开发工程师,3-5年,本科,20k-40k,"发展空间大,期权激励,弹性工作"
上海基分文化传播有限公司,趣头条,500-2000人,上市公司,浦东新区,高级运维开发工程师,3-5年,本科,25k-40k,"技术氛围好,待遇优厚,发展空间大,15薪起"
竹间智能科技（上海）有限公司,竹间智能科技(上海)有限公司,150-500人,B轮,徐汇区,全栈开发工程师,3-5年,本科,20k-40k,"发展空间大,期权激励,弹性工作"
华建数创（上海）科技有限公司,华建数创,50-150人,未融资,静安区,后端开发工程师,3-5年,本科,15k-30k,"补充公积金,补充医疗保,团队佳,带薪年假"
上海合合信息科技发展有限公司,名片全能王,150-500人,C轮,静安区,大数据图谱开发工程师,1-3年,本科,15k-30k,"弹性工作,大牛云集"
晋松（上海）网络信息技术有限公司,享换机,50-150人,A轮,杨浦区,中高级测试开发工程师,3-5年,本科,15k-25k,"晋升空间,福利待遇"
上海点融信息科技有限责任公司,点融,150-500人,D轮及以上,黄浦区,大数据开发工程师-SH2925（ETL方向）,1-3年,本科,18k-35k,"大牛多,大数据,弹性工时"
杭州橙鹰数据技术有限公司,橙鹰,150-500人,不需要融资,闵行区,资深数据研发工程师(P6),1-3年,本科,10k-20k,"阿里,公共安全,大数据"
上海闪策信息科技有限公司,闪策科技,15-50人,不需要融资,浦东新区,前端开发工程师,1-3年,本科,15k-30k,"年假15天,专业平台,高端医疗险,氛围融洽"
上海喔噻互联网科技有限公司,喔噻科技,500-2000人,B轮,普陀区,后端开发工程师,应届毕业生,本科,8k-15k,互联网文化 大咖云集 技术挑战
上海爸妈营教育科技有限公司,爸妈营,50-150人,A轮,杨浦区,Node.js开发工程师,1-3年,本科,13k-20k,"交通便利,发展空间,工作氛围"
上海丫丫信息科技有限公司,妈妈帮,50-150人,不需要融资,浦东新区,算法工程师,3-5年,本科,20k-40k,"竞争力薪酬,福利好,平台好"
上海莉莉丝科技股份有限公司,莉莉丝游戏,150-500人,不需要融资,闵行区,数据开发工程师,5-10年,本科,15k-25k,"弹性工作,福利待遇好,工作氛围好,各种团"
上海享途网络科技有限公司,乐车邦,150-500人,B轮,杨浦区,运维开发工程师,1-3年,本科,10k-15k,"发展空间大,扁平管理"
拉扎斯网络科技（上海）有限公司,饿了么,2000人以上,D轮及以上,普陀区,后端工程师－GOC,1-3年,不限,15k-30k,弹性工作制 技术团队 发展空间大
上海云轴信息科技有限公司,ZStack,150-500人,A轮,闵行区,技术实施工程师,1-3年,本科,8k-15k,"行业领跑,大牛云集,扁平化管理,五百强福利"
上海媒智科技有限公司,媒智科技,15-50人,不需要融资,徐汇区,运维开发工程师,1-3年,大专,10k-20k,"氛围好,人性化,技术交流,股权激励"
普强信息技术（北京）有限公司,普强信息,150-500人,C轮,徐汇区,C++开发工程师,不限,本科,10k-20k,"人工智能,大牛多,工作环境好"
上海海万信息科技股份有限公司,海万科技,500-2000人,不需要融资,静安区,java开发工程师,3-5年,大专,13k-18k,大平台
无锡华云数据技术服务有限公司,华云数据,500-2000人,D轮及以上,杨浦区,00753-222-前端开发工程师,3-5年,本科,15k-22k,"年假病假,各项补贴,弹性上下班,团建旅游"
精硕科技（北京）股份有限公司,AdMaster,500-2000人,不需要融资,普陀区,大数据开发工程师（上海校招）,应届毕业生,本科,10k-15k,"优秀团队,扁平管理,福利完善,行业领先"
北京字节跳动科技有限公司,字节跳动,2000人以上,C轮,徐汇区,流媒体开发工程师,3-5年,本科,25k-50k,六险一金，高薪期权，弹性工作，免费三餐
上海基分文化传播有限公司,趣头条,500-2000人,上市公司,浦东新区,前端开发工程师,3-5年,大专,18k-30k,"独角兽,平均16薪,弹性上班,技术驱动"
稿定（厦门）科技有限公司,稿定（厦门）科技有限公...,150-500人,不需要融资,徐汇区,安卓多媒体开发工程师,3-5年,本科,20k-40k,"团队氛围好,薪酬福利佳,免费下午茶,行业前景佳"
威比网络科技（上海）有限公司,TutorABC英语,2000人以上,C轮,虹口区,前端工程师,1-3年,本科,15k-20k,"五险一金,早餐水果,节日福利"
上海森亿医疗科技有限公司,森亿智能,150-500人,B轮,浦东新区,全栈开发工程师,3-5年,本科,15k-20k,"技术大牛多,薪资福利优,行业发展好,15薪"
上海海知智能科技有限公司,海知智能,50-150人,A轮,浦东新区,爬虫开发工程师,1-3年,本科,13k-25k,"人工智能,技术大牛,创新前沿,弹性工作"
上海钦文信息科技有限公司,爱乐奇,150-500人,D轮及以上,浦东新区,中级大数据研发工程师,3-5年,本科,10k-15k,"行业前景好,领导好,团队氛围佳"
瞬联软件科技（北京）有限公司,瞬联软件科技（北京）有限公司,500-2000人,不需要融资,徐汇区,C/C++,1年以下,本科,10k-16k,"六险一金,带薪年假,竞升机制,免费体检"
支付宝(杭州)信息技术有限公司,蚂蚁金服集团,2000人以上,B轮,浦东新区,资深Java工程师(P6)/技术专家(P7),3-5年,本科,20k-40k,"千万级规模,数据驱动,扁平管理"
上海优梦信息科技有限公司,优梦,50-150人,B轮,杨浦区,资深PHP开发工程师,5-10年,本科,25k-35k,"全勤奖,五险一金,餐补"
北京字节跳动科技有限公司,字节跳动,2000人以上,C轮,徐汇区,资深后台研发工程师,3-5年,本科,25k-50k,六险一金，高薪期权，弹性工作，免费三餐，租房补贴，休闲下午茶，扁平管理，职业大牛，团队氛围好，优厚薪资
瞬联软件科技（北京）有限公司,瞬联软件科技（北京）有限公司,500-2000人,不需要融资,浦东新区,[Nokia-SH-Bell]嵌入式软件开发工程师,1-3年,本科,10k-18k,"六险一金,带薪年假,弹性工作,培养机制"
上海海知智能科技有限公司,海知智能,50-150人,A轮,浦东新区,高级爬虫开发工程师,5-10年,本科,20k-40k,"人工智能,弹性工作,创新前沿,技术大牛"
深圳追一科技有限公司,追一科技,150-500人,B轮,长宁区,PHP后台开发工程师,3-5年,本科,20k-40k,"AI行业,创新业务"
上海晶赞科技发展有限公司,晶赞科技Zamplus,150-500人,D轮及以上,闸北区,算法研发工程师（反作弊方向）,1-3年,本科,15k-25k,"科技公司,行业领先,技术大牛"
上海证大喜马拉雅网络科技有限公司,喜马拉雅,500-2000人,D轮及以上,浦东新区,Scala开发工程师（高级）,5-10年,本科,18k-30k,音频独角兽，弹性工作，年终奖金，发展平台
上海海万信息科技股份有限公司,海万科技,500-2000人,不需要融资,浦东新区,前端开发,1-3年,本科,10k-15k,"旅游,体检,过节费,年终奖"
上海画龙信息科技有限公司,Datatist,50-150人,A轮,徐汇区,ETL大数据开发工程师,1-3年,本科,10k-20k,"硅谷团队,发15m,晋升平台,氛围融洽"
遨游酒店信息技术(深圳)有限责任公司,遨游酒店信息技术(深圳)有限责任公司,500-2000人,不需要融资,徐汇区,数据开发工程师,3-5年,本科,15k-30k,"福利好,扁平化管理,待遇好"
上海易果电子商务有限公司,易果生鲜,2000人以上,C轮,长宁区,资深运维开发工程师,3-5年,本科,15k-30k,大平台
上海沃易智电子商务有限公司,Voyageone,150-500人,不需要融资,浦东新区,运维开发工程师 DevOps,1-3年,本科,9k-18k,"有大牛,DevOP,自动化运维,快速成长"
上海颂诚网络科技有限公司,票牛网,50-150人,B轮,静安区,【devops】运维开发工程师,1-3年,本科,13k-18k,"完美的福利,竞争力薪酬,工作氛围好,上升空间大"
上海中软华腾软件系统有限公司,上海中软华腾软件系统有限公司,2000人以上,上市公司,浦东新区,大数据开发工程师（金融）,5-10年,本科,15k-25k,"五险一金,晋升空间大,公积金全额"
上海方付通商务服务有限公司,方付通,150-500人,不需要融资,浦东新区,运维开发工程师,3-5年,本科,15k-30k,"公司平台大,扁平化管理,福利待遇好"
上海诺诺镑客金融信息服务有限公司,麦子金服,500-2000人,A轮,浦东新区,hadoop开发工程师,3-5年,本科,15k-30k,"薪资优待,福利完善,地段优越,弹性工作"
